f,xrms,xmean,xsnr
1,0.61497,-0.036283,77.586
10,0.61375,-0.018045,75.626
100,0.62284,-0.016609,60.316
1000,0.016826,-0.016824,9.3672
1001,0.016798,-0.016796,10.904
1002,0.016816,-0.016814,10.324
1003,0.016828,-0.016826,8.3247
1004,0.01681,-0.016809,5.8414
1005,0.016821,-0.016821,0.23347
1006,0.016779,-0.016779,-4.0103
1007,0.016839,-0.016839,0.20731
1008,0.016853,-0.016852,4.7152
1009,0.016828,-0.016826,7.6658
101,0.62321,-0.016821,66.17
1010,0.016817,-0.016815,8.1932
1011,0.016853,-0.016851,8.7329
1012,0.016832,-0.01683,7.8507
1013,0.016842,-0.016841,5.6604
1014,0.016817,-0.016817,1.887
1015,0.016813,-0.016813,-6.9549
1016,0.016814,-0.016814,-6.0163
1017,0.016867,-0.016867,1.9309
1018,0.016843,-0.016842,5.5376
1019,0.016828,-0.016827,6.5968
102,0.6235,-0.016839,72.604
1020,0.016813,-0.016811,8.1496
1021,0.016819,-0.016817,7.7076
1022,0.016828,-0.016827,6.9955
1023,0.016816,-0.016816,3.6926
1024,0.016896,-0.016896,-1.2
1025,0.016843,-0.016843,-8.5956
1026,0.01683,-0.01683,-2.7007
1027,0.016815,-0.016815,2.3529
1028,0.016782,-0.016782,3.7562
1029,0.016817,-0.016816,6.1087
103,0.62376,-0.016966,77.179
1030,0.016823,-0.016822,6.8353
1031,0.016803,-0.016802,6.0411
1032,0.016832,-0.016832,4.178
1033,0.016823,-0.016822,0.46759
1034,0.016838,-0.016838,-5.0569
1035,0.016859,-0.016858,-5.736
1036,0.016803,-0.016803,-0.39062
1037,0.016832,-0.016831,2.9198
1038,0.016769,-0.016768,5.1251
1039,0.016813,-0.016812,5.9344
104,0.6241,-0.017104,77.905
1040,0.016802,-0.016801,5.01
1041,0.016801,-0.0168,4.9526
1042,0.016785,-0.016784,1.2653
1043,0.016777,-0.016777,-3.8577
1044,0.0168,-0.0168,-8.1219
1045,0.016785,-0.016785,-5.5443
1046,0.016763,-0.016763,0.41502
1047,0.016794,-0.016794,3.398
1048,0.016764,-0.016763,4.8138
1049,0.016762,-0.016761,3.5218
105,0.62432,-0.016913,77.275
1050,0.01682,-0.01682,3.253
1051,0.016812,-0.016811,1.7341
1052,0.01678,-0.016779,-0.50689
1053,0.016788,-0.016787,-4.2286
1054,0.016849,-0.016849,-2.7935
1055,0.016849,-0.016849,-2.3416
1056,0.016813,-0.016812,1.5762
1057,0.016827,-0.016826,3.1019
1058,0.016793,-0.016792,3.6479
1059,0.016817,-0.016817,3.7266
106,0.62441,-0.016849,78.121
1060,0.016823,-0.016822,3.0581
1061,0.016828,-0.016828,0.094232
1062,0.016829,-0.016829,-5.7307
1063,0.016804,-0.016804,-0.68177
1064,0.016823,-0.016823,-5.2479
1065,0.016801,-0.0168,-3.5281
1066,0.016804,-0.016803,-0.31639
1067,0.016814,-0.016814,1.5891
1068,0.01682,-0.01682,1.8002
1069,0.016807,-0.016807,1.553
107,0.62456,-0.017045,78.449
1070,0.01679,-0.01679,-0.22749
1071,0.016866,-0.016866,-2.4228
1072,0.016889,-0.016889,-4.8514
1073,0.016885,-0.016885,-3.2442
1074,0.01684,-0.016839,-5.2126
1075,0.01682,-0.01682,-0.56508
1076,0.016821,-0.016821,0.77619
1077,0.016825,-0.016825,1.269
1078,0.016844,-0.016843,1.2918
1079,0.016884,-0.016884,0.26618
108,0.62454,-0.017094,78.291
1080,0.016838,-0.016837,-2.7797
1081,0.016834,-0.016833,-3.9812
1082,0.016836,-0.016836,-6.5611
1083,0.016853,-0.016853,-5.6667
1084,0.016796,-0.016796,-5.3452
1085,0.016865,-0.016865,-2.9182
1086,0.016841,-0.01684,-1.4759
1087,0.01686,-0.01686,-0.29176
1088,0.016867,-0.016866,-0.69139
1089,0.016875,-0.016875,-2.512
109,0.62459,-0.016861,77.232
1090,0.016853,-0.016853,-4.7101
1091,0.016849,-0.016849,-3.043
1092,0.016906,-0.016906,-7.3232
1093,0.016886,-0.016886,-10.393
1094,0.016895,-0.016895,-5.7666
1095,0.016848,-0.016847,-4.7978
1096,0.016898,-0.016898,-3.9664
1097,0.016855,-0.016855,-3.2647
1098,0.016835,-0.016835,-4.2577
1099,0.0168,-0.0168,-6.2129
11,0.61388,-0.017768,75.465
110,0.62453,-0.016817,76.642
1100,0.01684,-0.01684,-5.4956
1101,0.016797,-0.016797,-7.2383
1102,0.016845,-0.016845,-5.6222
1103,0.016874,-0.016874,-5.3119
1104,0.016937,-0.016936,-5.815
1105,0.016886,-0.016886,-5.3534
1106,0.016862,-0.016862,-4.8011
1107,0.016821,-0.016821,-4.9078
1108,0.016846,-0.016846,-5.5061
1109,0.016862,-0.016862,-7.8767
111,0.62443,-0.016789,78.44
1110,0.016857,-0.016857,-6.3459
1111,0.016805,-0.016805,-6.2989
1112,0.01683,-0.016829,-5.9915
1113,0.016835,-0.016835,-6.5728
1114,0.016823,-0.016823,-6.9166
1115,0.016817,-0.016817,-4.8308
1116,0.016839,-0.016839,-6.3593
1117,0.016789,-0.016789,-6.5362
1118,0.016805,-0.016805,-6.0013
1119,0.016803,-0.016803,-5.6678
112,0.62442,-0.017089,78.444
1120,0.016834,-0.016833,-7.5118
1121,0.016773,-0.016772,-10.576
1122,0.016809,-0.016809,-9.3363
1123,0.016797,-0.016796,-5.8391
1124,0.016788,-0.016788,-7.9104
1125,0.016779,-0.016779,-4.4087
1126,0.01684,-0.016839,-5.2242
1127,0.016803,-0.016802,-7.1869
1128,0.016775,-0.016775,-5.2087
1129,0.016825,-0.016825,-3.064
113,0.62442,-0.016963,78.13
1130,0.016842,-0.016842,-3.7067
1131,0.016848,-0.016848,-6.3235
1132,0.01684,-0.01684,-6.7995
1133,0.016775,-0.016775,-8.1798
1134,0.016787,-0.016787,-5.125
1135,0.016775,-0.016774,-4.7499
1136,0.016783,-0.016783,-2.5833
1137,0.016734,-0.016734,-9.907
1138,0.016803,-0.016803,-6.1109
1139,0.016751,-0.016751,-4.1173
114,0.62447,-0.01687,77.209
1140,0.016747,-0.016747,-3.7782
1141,0.016745,-0.016744,-6.8163
1142,0.01678,-0.01678,-4.6092
1143,0.016782,-0.016782,-4.6659
1144,0.016764,-0.016764,-4.5851
1145,0.016772,-0.016772,-5.7249
1146,0.016801,-0.016801,-3.0136
1147,0.016801,-0.016801,-5.1543
1148,0.016828,-0.016828,-7.9557
1149,0.016857,-0.016857,-6.2838
115,0.62453,-0.016949,77.971
1150,0.016768,-0.016767,-8.4988
1151,0.016771,-0.016771,-4.8142
1152,0.016801,-0.016801,-5.8153
1153,0.016753,-0.016753,-3.815
1154,0.016714,-0.016714,-2.3055
1155,0.016734,-0.016734,-5.2712
1156,0.016796,-0.016796,-1.9996
1157,0.016755,-0.016754,-5.6165
1158,0.016768,-0.016768,-5.9443
1159,0.016786,-0.016785,-7.0676
116,0.6247,-0.016832,78.404
1160,0.016764,-0.016764,-6.1005
1161,0.016821,-0.016821,-10.006
1162,0.016808,-0.016807,-6.3635
1163,0.016817,-0.016817,-6.5341
1164,0.016752,-0.016752,-8.5574
1165,0.016817,-0.016817,-8.4212
1166,0.016825,-0.016825,-5.287
1167,0.016818,-0.016817,-5.2575
1168,0.016805,-0.016805,-5.0838
1169,0.016805,-0.016805,-5.6895
117,0.62486,-0.016702,78.781
1170,0.016774,-0.016773,-4.9897
1171,0.016856,-0.016856,-4.6525
1172,0.016817,-0.016817,-7.4676
1173,0.016818,-0.016818,-10.406
1174,0.016842,-0.016842,-3.076
1175,0.016841,-0.016841,-5.2403
1176,0.016918,-0.016918,-3.6822
1177,0.016839,-0.016839,-5.0679
1178,0.016789,-0.016789,-4.588
1179,0.016801,-0.016801,-4.7967
118,0.62517,-0.016872,77.232
1180,0.016773,-0.016772,-9.8376
1181,0.016877,-0.016877,-6.5078
1182,0.016809,-0.016809,-3.9441
1183,0.01679,-0.01679,-11.102
1184,0.016818,-0.016818,-3.4474
1185,0.016768,-0.016767,-9.438
1186,0.01673,-0.01673,-6.7628
1187,0.016802,-0.016802,-4.803
1188,0.016788,-0.016788,-1.6939
1189,0.016748,-0.016748,1.3549
119,0.62545,-0.017065,78.443
1190,0.016799,-0.016799,2.5541
1191,0.016812,-0.016811,4.4867
1192,0.016798,-0.016797,6.9772
1193,0.016818,-0.016817,8.702
1194,0.016813,-0.016811,9.0148
1195,0.016821,-0.016819,9.0603
1196,0.016861,-0.016859,10.379
1197,0.016813,-0.01681,10.012
1198,0.016821,-0.016818,10.377
1199,0.016841,-0.016839,9.5794
12,0.6135,-0.016927,74.297
120,0.62576,-0.017091,78.179
1200,0.016848,-0.016846,8.5308
1201,0.016826,-0.016825,8.0557
1202,0.01683,-0.016829,6.7814
1203,0.016862,-0.016861,4.1886
1204,0.016867,-0.016867,1.1449
1205,0.016888,-0.016888,-3.5523
1206,0.016863,-0.016863,-5.3832
1207,0.016819,-0.016819,-5.0569
1208,0.016866,-0.016865,1.5974
1209,0.016857,-0.016856,5.8994
121,0.62604,-0.017029,78.454
1210,0.016862,-0.016861,7.8829
1211,0.016867,-0.016865,9.655
1212,0.016843,-0.016841,10.312
1213,0.016836,-0.016833,11.544
1214,0.016855,-0.016851,12.663
1215,0.016857,-0.016853,13.174
1216,0.016847,-0.016842,13.37
1217,0.016844,-0.016839,14.746
1218,0.016832,-0.016825,14.949
1219,0.016797,-0.016791,15.396
122,0.62632,-0.01691,78.025
1220,0.016763,-0.016756,15.151
1221,0.016745,-0.016738,15.601
1222,0.01676,-0.016752,15.591
1223,0.016831,-0.016823,15.764
1224,0.016813,-0.016805,14.849
1225,0.016806,-0.016798,15.613
1226,0.016818,-0.01681,16.014
1227,0.01684,-0.016832,16.097
1228,0.016831,-0.016823,16.546
1229,0.016883,-0.016876,16.624
123,0.62665,-0.017012,77.883
1230,0.016837,-0.01683,16.508
1231,0.016921,-0.016914,15.882
1232,0.01684,-0.016833,16.41
1233,0.016816,-0.01681,15.582
1234,0.01683,-0.016824,15.633
1235,0.01683,-0.016824,15.008
1236,0.016887,-0.016881,14.346
1237,0.016875,-0.016869,14.214
1238,0.016845,-0.01684,13.93
1239,0.016874,-0.016869,13.255
124,0.62681,-0.017074,78.203
1240,0.01684,-0.016836,12.825
1241,0.01683,-0.016827,12.859
1242,0.01679,-0.016786,11.649
1243,0.016809,-0.016806,11.506
1244,0.016883,-0.01688,10.735
1245,0.016853,-0.016851,10.516
1246,0.016819,-0.016817,9.9116
1247,0.016782,-0.01678,8.7037
1248,0.016816,-0.016815,7.1025
1249,0.01682,-0.016819,7.6999
125,0.62695,-0.016988,77.207
1250,0.01685,-0.016849,5.7377
1251,0.016788,-0.016788,4.0846
1252,0.016819,-0.016818,2.9748
1253,0.016837,-0.016836,0.038906
1254,0.016854,-0.016854,-2.5992
1255,0.016875,-0.016875,-5.797
1256,0.01682,-0.01682,-5.2121
1257,0.016814,-0.016813,-7.573
1258,0.016797,-0.016797,-7.2158
1259,0.016767,-0.016767,-4.4543
126,0.62701,-0.016829,76.994
1260,0.016794,-0.016794,-0.537
1261,0.016814,-0.016814,0.89534
1262,0.016822,-0.016822,3.3974
1263,0.016839,-0.016838,4.8481
1264,0.016819,-0.016818,6.1285
1265,0.016785,-0.016784,6.4835
1266,0.016839,-0.016838,7.8352
1267,0.016787,-0.016785,8.4147
1268,0.016759,-0.016757,9.5531
1269,0.016763,-0.016761,10.126
127,0.62709,-0.016797,78.117
1270,0.016749,-0.016747,10.253
1271,0.016766,-0.016763,10.918
1272,0.016791,-0.016788,11.783
1273,0.016776,-0.016773,11.789
1274,0.016786,-0.016783,11.878
1275,0.016802,-0.016798,12.829
1276,0.016789,-0.016784,13.403
1277,0.016756,-0.016751,13.551
1278,0.016791,-0.016786,13.629
1279,0.016749,-0.016744,14.028
128,0.62709,-0.017066,77.899
1280,0.016749,-0.016744,13.99
1281,0.016749,-0.016744,14.416
1282,0.016737,-0.016731,14.305
1283,0.016775,-0.016769,14.579
1284,0.016768,-0.016762,14.672
1285,0.016742,-0.016736,14.777
1286,0.016783,-0.016776,15.408
1287,0.016783,-0.016776,13.813
1288,0.016798,-0.016791,14.72
1289,0.016826,-0.016819,15.827
129,0.62706,-0.016978,77.98
1290,0.016772,-0.016765,15.494
1291,0.016767,-0.01676,14.968
1292,0.016803,-0.016795,16.223
1293,0.016784,-0.016777,16.081
1294,0.016804,-0.016797,15.28
1295,0.016765,-0.016758,15.601
1296,0.016794,-0.016786,15.258
1297,0.01677,-0.016762,15.331
1298,0.016763,-0.016756,15.109
1299,0.016785,-0.016778,16.496
13,0.61318,-0.016365,74.883
130,0.62702,-0.016896,76.99
1300,0.016805,-0.016798,16.026
1301,0.016765,-0.016758,15.468
1302,0.016825,-0.016818,15.916
1303,0.016807,-0.0168,15.103
1304,0.01678,-0.016773,15.066
1305,0.016782,-0.016775,16.02
1306,0.016768,-0.016761,15.725
1307,0.01679,-0.016784,15.534
1308,0.016755,-0.016749,15.092
1309,0.01674,-0.016734,15.151
131,0.62701,-0.016967,78.264
1310,0.016732,-0.016727,14.585
1311,0.016718,-0.016713,13.868
1312,0.016727,-0.016722,13.609
1313,0.016722,-0.016718,14.265
1314,0.016765,-0.01676,13.65
1315,0.016771,-0.016767,13.355
1316,0.016748,-0.016744,13.581
1317,0.016818,-0.016814,11.201
1318,0.016845,-0.016841,12.544
1319,0.016793,-0.01679,12.27
132,0.62697,-0.01686,77.009
1320,0.016798,-0.016795,12.046
1321,0.016778,-0.016775,11.541
1322,0.016803,-0.0168,10.444
1323,0.016813,-0.01681,11.006
1324,0.016793,-0.016791,9.9204
1325,0.016787,-0.016785,10.338
1326,0.016796,-0.016794,9.428
1327,0.016797,-0.016795,8.4693
1328,0.016796,-0.016795,6.9314
1329,0.016761,-0.01676,7.3054
133,0.62693,-0.017014,78.472
1330,0.016828,-0.016827,6.6062
1331,0.016793,-0.016793,5.9165
1332,0.016811,-0.01681,4.862
1333,0.016806,-0.016805,3.7874
1334,0.016798,-0.016798,2.2832
1335,0.016773,-0.016772,1.0973
1336,0.016798,-0.016797,-0.59424
1337,0.016781,-0.016781,-2.6426
1338,0.016772,-0.016771,-3.4411
1339,0.016774,-0.016774,-7.616
134,0.62707,-0.016846,61.614
1340,0.016747,-0.016746,-5.8121
1341,0.016772,-0.016771,-1.8494
1342,0.016738,-0.016738,-4.7037
1343,0.016773,-0.016773,-3.9671
1344,0.016804,-0.016803,-4.3803
1345,0.016778,-0.016778,-1.7185
1346,0.016834,-0.016834,-0.023171
1347,0.01679,-0.016789,1.5732
1348,0.016824,-0.016824,2.9398
1349,0.016795,-0.016794,3.6633
135,0.62719,-0.016939,65.925
1350,0.016799,-0.016798,5.3169
1351,0.016835,-0.016834,5.61
1352,0.016749,-0.016748,6.9945
1353,0.016779,-0.016777,7.4359
1354,0.016788,-0.016787,8.3358
1355,0.016808,-0.016806,9.185
1356,0.016812,-0.016811,9.4285
1357,0.016795,-0.016793,9.7982
1358,0.016788,-0.016786,10.379
1359,0.016811,-0.016809,10.532
136,0.62736,-0.016636,71.507
1360,0.016792,-0.01679,10.85
1361,0.016801,-0.016799,10.96
1362,0.016759,-0.016756,11.383
1363,0.016761,-0.016758,12.14
1364,0.016794,-0.01679,11.661
1365,0.016796,-0.016793,12.452
1366,0.016802,-0.016798,11.72
1367,0.016792,-0.016788,13.537
1368,0.016773,-0.016769,13.525
1369,0.016772,-0.016767,13.525
137,0.6276,-0.016833,76.798
1370,0.016782,-0.016777,13.694
1371,0.01681,-0.016805,13.622
1372,0.016817,-0.016812,14.085
1373,0.016821,-0.016815,13.507
1374,0.016811,-0.016805,14.353
1375,0.016813,-0.016807,13.765
1376,0.016824,-0.016819,13.838
1377,0.016824,-0.016818,14.74
1378,0.016825,-0.016819,15.014
1379,0.016828,-0.016822,15.011
138,0.62788,-0.016952,77.66
1380,0.016815,-0.016808,15.023
1381,0.016835,-0.016828,14.464
1382,0.016842,-0.016836,14.914
1383,0.016852,-0.016846,15.329
1384,0.016844,-0.016838,14.921
1385,0.016822,-0.016815,15.252
1386,0.016806,-0.016799,15.527
1387,0.016819,-0.016812,15.412
1388,0.016831,-0.016824,15.503
1389,0.016843,-0.016836,14.791
139,0.62822,-0.016932,78.833
1390,0.016832,-0.016825,15.822
1391,0.016833,-0.016826,15.828
1392,0.016788,-0.016781,15.605
1393,0.016825,-0.016818,15.551
1394,0.016791,-0.016784,15.508
1395,0.01685,-0.016843,14.911
1396,0.01677,-0.016764,15.188
1397,0.016782,-0.016775,15.74
1398,0.016765,-0.016759,14.201
1399,0.016795,-0.016789,13.294
14,0.61333,-0.015529,74.531
140,0.62847,-0.016906,77.938
1400,0.016786,-0.01678,15.543
1401,0.01674,-0.016734,15.001
1402,0.016782,-0.016776,14.823
1403,0.016792,-0.016787,14.946
1404,0.016777,-0.016772,14.35
1405,0.016797,-0.016791,14.022
1406,0.016788,-0.016783,13.947
1407,0.016796,-0.016792,13.719
1408,0.016781,-0.016776,13.778
1409,0.016803,-0.016799,13.881
141,0.62884,-0.01689,77.513
1410,0.016769,-0.016765,13.872
1411,0.016806,-0.016801,13.849
1412,0.016818,-0.016814,12.364
1413,0.016835,-0.016832,13.032
1414,0.016799,-0.016795,12.648
1415,0.016789,-0.016786,12.129
1416,0.016774,-0.016771,11.992
1417,0.016801,-0.016798,11.782
1418,0.016795,-0.016792,11.42
1419,0.016789,-0.016787,11.019
142,0.62906,-0.016782,78.002
1420,0.016798,-0.016796,11.158
1421,0.016793,-0.016791,10.551
1422,0.016757,-0.016755,10.462
1423,0.016796,-0.016794,9.0782
1424,0.016775,-0.016773,9.6073
1425,0.016749,-0.016748,9.2193
1426,0.016833,-0.016832,7.833
1427,0.016795,-0.016793,7.3697
1428,0.016775,-0.016774,7.3582
1429,0.016747,-0.016746,5.9815
143,0.62927,-0.016856,78.754
1430,0.016763,-0.016762,5.4611
1431,0.016794,-0.016794,5.0233
1432,0.016744,-0.016743,3.8336
1433,0.016801,-0.0168,2.335
1434,0.016851,-0.016851,0.54494
1435,0.016817,-0.016817,0.46167
1436,0.016833,-0.016833,-0.97594
1437,0.016903,-0.016903,-3.7588
1438,0.016813,-0.016813,-5.9853
1439,0.016874,-0.016874,-7.7337
144,0.62944,-0.016666,78.095
1440,0.01692,-0.016919,-4.2007
1441,0.016912,-0.016911,-7.4908
1442,0.016889,-0.016889,-7.3267
1443,0.016917,-0.016917,-3.9334
1444,0.016957,-0.016957,-6.2731
1445,0.017005,-0.017005,-4.5246
1446,0.016933,-0.016933,-2.5321
1447,0.016999,-0.016999,-0.35306
1448,0.016962,-0.016962,0.99478
1449,0.016983,-0.016982,2.3089
145,0.62955,-0.016753,78.783
1450,0.016988,-0.016987,3.4709
1451,0.01702,-0.017019,4.5487
1452,0.017065,-0.017065,4.9218
1453,0.017031,-0.01703,5.0413
1454,0.017035,-0.017034,5.8142
1455,0.01707,-0.017069,6.5817
1456,0.017051,-0.01705,6.5596
1457,0.01708,-0.017078,7.6672
1458,0.017081,-0.017079,8.691
1459,0.017075,-0.017073,8.528
146,0.62957,-0.016948,77.16
1460,0.017071,-0.017069,9.3599
1461,0.017146,-0.017144,10.478
1462,0.017094,-0.017092,10.111
1463,0.01712,-0.017117,10.855
1464,0.017136,-0.017133,11.05
1465,0.017114,-0.017111,11.149
1466,0.017139,-0.017136,11.669
1467,0.017156,-0.017153,11.992
1468,0.017106,-0.017103,12.449
1469,0.017128,-0.017124,12.048
147,0.62963,-0.016911,76.865
1470,0.01715,-0.017146,11.907
1471,0.017152,-0.017148,12.389
1472,0.017154,-0.01715,12.49
1473,0.017153,-0.017149,12.996
1474,0.017206,-0.017201,13.081
1475,0.017125,-0.01712,13.471
1476,0.017136,-0.017131,13.004
1477,0.017161,-0.017156,12.403
1478,0.017142,-0.017137,14.686
1479,0.017193,-0.017188,14.096
148,0.62952,-0.016851,76.93
1480,0.0172,-0.017195,13.844
1481,0.017203,-0.017197,13.109
1482,0.017184,-0.017178,14.137
1483,0.017221,-0.017216,14.637
1484,0.01722,-0.017214,14.729
1485,0.017198,-0.017193,14.734
1486,0.017225,-0.017219,15.095
1487,0.017219,-0.017213,14.194
1488,0.017182,-0.017176,14.548
1489,0.017228,-0.017222,14.255
149,0.62946,-0.017021,78.552
1490,0.017195,-0.017189,14.01
1491,0.017243,-0.017237,14.556
1492,0.017205,-0.017199,13.58
1493,0.017246,-0.01724,14.156
1494,0.017235,-0.017229,14.653
1495,0.017272,-0.017266,13.787
1496,0.01726,-0.017254,14.518
1497,0.017236,-0.01723,15.246
1498,0.017249,-0.017242,14.418
1499,0.017254,-0.017248,15.409
15,0.61343,-0.017369,74.375
150,0.62949,-0.016816,77.487
1500,0.017242,-0.017236,14.778
1501,0.017217,-0.017211,14.885
1502,0.017253,-0.017247,14.398
1503,0.017315,-0.017309,14.545
1504,0.017308,-0.017302,13.306
1505,0.01731,-0.017304,14.635
1506,0.01733,-0.017324,13.432
1507,0.017315,-0.017309,13.568
1508,0.017358,-0.017352,14.23
1509,0.017335,-0.017329,13.422
151,0.62946,-0.016839,77.534
1510,0.017342,-0.017337,14.346
1511,0.017399,-0.017394,13.512
1512,0.017395,-0.01739,12.943
1513,0.017365,-0.01736,13.859
1514,0.01735,-0.017345,13.211
1515,0.017382,-0.017377,13.456
1516,0.017425,-0.017421,13.088
1517,0.017416,-0.017411,12.89
1518,0.017391,-0.017387,12.845
1519,0.017406,-0.017402,13.011
152,0.62939,-0.016806,78.181
1520,0.017426,-0.017422,11.439
1521,0.017426,-0.017422,11.195
1522,0.017435,-0.017431,11.219
1523,0.017416,-0.017412,11.396
1524,0.017447,-0.017443,11.608
1525,0.017391,-0.017388,11.116
1526,0.017443,-0.01744,10.822
1527,0.017452,-0.017449,10.888
1528,0.017487,-0.017484,10.323
1529,0.017486,-0.017483,10.294
153,0.62948,-0.016917,77.596
1530,0.017455,-0.017453,9.8172
1531,0.017457,-0.017455,9.3952
1532,0.017473,-0.017471,9.7497
1533,0.017481,-0.017479,9.5794
1534,0.017458,-0.017456,9.0894
1535,0.017481,-0.017479,8.3007
1536,0.017449,-0.017448,7.7517
1537,0.017403,-0.017402,7.2774
1538,0.017511,-0.01751,6.8784
1539,0.017447,-0.017446,5.3391
154,0.6296,-0.016759,77.818
1540,0.01747,-0.017469,5.1819
1541,0.017495,-0.017495,4.6496
1542,0.017462,-0.017461,4.1039
1543,0.017484,-0.017483,2.879
1544,0.017456,-0.017455,1.6465
1545,0.017491,-0.01749,1.1577
1546,0.017463,-0.017463,-0.93161
1547,0.017498,-0.017498,-1.3334
1548,0.017527,-0.017527,-3.2311
1549,0.017536,-0.017535,-6.0883
155,0.62977,-0.016815,78.546
1550,0.017498,-0.017498,-7.4237
1551,0.017509,-0.017509,-6.5107
1552,0.017479,-0.017479,-5.7639
1553,0.017525,-0.017525,-4.0487
1554,0.017543,-0.017543,-3.4004
1555,0.017526,-0.017526,-6.2756
1556,0.01752,-0.017519,-5.719
1557,0.017565,-0.017565,-4.4443
1558,0.017546,-0.017545,-2.321
1559,0.017535,-0.017535,-0.99276
156,0.62999,-0.016725,78.828
1560,0.017557,-0.017557,0.67434
1561,0.01752,-0.01752,1.7399
1562,0.017537,-0.017536,2.0959
1563,0.017574,-0.017574,2.6233
1564,0.017526,-0.017525,5.1078
1565,0.017558,-0.017557,5.9639
1566,0.017536,-0.017535,5.1139
1567,0.017567,-0.017566,5.7033
1568,0.017544,-0.017543,7.7625
1569,0.017578,-0.017576,7.5013
157,0.63023,-0.016671,78.513
1570,0.017529,-0.017528,9.3188
1571,0.017566,-0.017565,8.2352
1572,0.017557,-0.017556,9.4976
1573,0.017578,-0.017576,9.2112
1574,0.017556,-0.017554,8.4389
1575,0.017619,-0.017617,9.4202
1576,0.017581,-0.017579,9.3973
1577,0.017574,-0.017572,10.031
1578,0.017568,-0.017565,10.27
1579,0.017629,-0.017626,10.509
158,0.6305,-0.016784,77.113
1580,0.017609,-0.017606,11.009
1581,0.017579,-0.017575,10.957
1582,0.017578,-0.017574,11.62
1583,0.017644,-0.017641,10.699
1584,0.017606,-0.017602,12.6
1585,0.01755,-0.017546,13.135
1586,0.017609,-0.017605,13.187
1587,0.017635,-0.017631,13.462
1588,0.017595,-0.017591,12.208
1589,0.017568,-0.017564,13.87
159,0.63082,-0.016864,78.047
1590,0.017695,-0.017691,14.224
1591,0.017573,-0.017569,12.908
1592,0.017644,-0.017639,13.738
1593,0.017617,-0.017612,13.508
1594,0.017632,-0.017627,13.29
1595,0.01764,-0.017635,13.17
1596,0.017684,-0.017679,13.578
1597,0.017684,-0.017678,13.902
1598,0.017623,-0.017617,13.738
1599,0.017619,-0.017613,13.141
16,0.61308,-0.016904,73.423
160,0.63111,-0.016818,78.121
1600,0.017723,-0.017717,14.727
1601,0.017737,-0.017732,15.474
1602,0.017733,-0.017728,14.575
1603,0.01768,-0.017675,15.488
1604,0.017747,-0.017741,14.887
1605,0.017683,-0.017677,15.351
1606,0.017731,-0.017725,15.392
1607,0.017721,-0.017715,14.626
1608,0.01775,-0.017744,13.668
1609,0.017739,-0.017733,14.185
161,0.63134,-0.016737,78.627
1610,0.017684,-0.017677,13.848
1611,0.017665,-0.017659,13.901
1612,0.017735,-0.017728,13.944
1613,0.017664,-0.017658,13.596
1614,0.017707,-0.017701,14.116
1615,0.017712,-0.017705,13.838
1616,0.017701,-0.017695,15.554
1617,0.017662,-0.017656,14.67
1618,0.01772,-0.017714,13.612
1619,0.017708,-0.017702,14.924
162,0.63159,-0.016897,77.706
1620,0.01774,-0.017734,14.395
1621,0.017727,-0.017721,14.071
1622,0.017711,-0.017705,14.877
1623,0.017666,-0.01766,15.171
1624,0.017791,-0.017785,14.927
1625,0.017745,-0.01774,14.488
1626,0.017734,-0.017729,14.398
1627,0.017749,-0.017743,13.691
1628,0.017739,-0.017734,14.088
1629,0.017771,-0.017766,12.64
163,0.63176,-0.016838,77.257
1630,0.017687,-0.017683,12.432
1631,0.017729,-0.017724,12.284
1632,0.017695,-0.017691,12.327
1633,0.017778,-0.017773,11.832
1634,0.017758,-0.017754,12.05
1635,0.017731,-0.017727,12.695
1636,0.01774,-0.017736,12.044
1637,0.017765,-0.017761,12.345
1638,0.017786,-0.017783,13.221
1639,0.017796,-0.017793,11.85
164,0.63182,-0.016801,78.408
1640,0.017774,-0.017771,10.265
1641,0.01779,-0.017786,11.668
1642,0.017782,-0.017779,11.935
1643,0.017799,-0.017796,11.45
1644,0.017777,-0.017775,11.047
1645,0.017722,-0.01772,10.402
1646,0.017793,-0.01779,9.8207
1647,0.017813,-0.017811,9.495
1648,0.017762,-0.01776,9.4075
1649,0.017776,-0.017774,7.8907
165,0.63193,-0.016937,78.545
1650,0.017755,-0.017753,8.8202
1651,0.017757,-0.017755,7.4919
1652,0.017729,-0.017728,7.6175
1653,0.017745,-0.017743,7.036
1654,0.01774,-0.017739,7.5999
1655,0.017773,-0.017772,7.2996
1656,0.017779,-0.017778,7.0868
1657,0.017813,-0.017812,6.182
1658,0.017769,-0.017768,5.7984
1659,0.017775,-0.017775,4.0213
166,0.63192,-0.016936,78.22
1660,0.017754,-0.017753,4.561
1661,0.017769,-0.017768,2.0381
1662,0.017779,-0.017778,0.69981
1663,0.017767,-0.017767,0.64826
1664,0.017795,-0.017794,-0.46335
1665,0.017796,-0.017796,-2.1979
1666,0.0178,-0.0178,-3.0246
1667,0.017783,-0.017782,-5.7311
1668,0.017771,-0.017771,-7.6353
1669,0.017798,-0.017798,-6.1684
167,0.63186,-0.016875,77.906
1670,0.017763,-0.017763,-5.6986
1671,0.017772,-0.017772,-3.0442
1672,0.01779,-0.01779,-10.37
1673,0.017793,-0.017793,-5.8661
1674,0.017771,-0.017771,-6.8355
1675,0.017771,-0.01777,-6.1553
1676,0.01781,-0.017809,-3.4096
1677,0.017848,-0.017848,-2.1407
1678,0.01779,-0.01779,-2.1961
1679,0.017802,-0.017802,-0.16397
168,0.63178,-0.016735,77.618
1680,0.017735,-0.017734,0.96888
1681,0.01774,-0.01774,1.7941
1682,0.017781,-0.017781,2.4622
1683,0.017816,-0.017816,3.3172
1684,0.01778,-0.017779,3.5674
1685,0.017789,-0.017788,4.8318
1686,0.017841,-0.01784,5.8965
1687,0.01784,-0.017839,6.2169
1688,0.017846,-0.017845,7.4718
1689,0.017834,-0.017832,6.0797
169,0.63172,-0.016934,78.112
1690,0.017816,-0.017815,7.3421
1691,0.017822,-0.017821,8.0889
1692,0.017862,-0.01786,8.6221
1693,0.017812,-0.01781,9.2528
1694,0.017814,-0.017812,9.8386
1695,0.017867,-0.017865,8.8762
1696,0.017819,-0.017816,9.6996
1697,0.017817,-0.017815,9.1205
1698,0.017856,-0.017854,10.139
1699,0.017821,-0.017818,10.165
17,0.61325,-0.018005,73.979
170,0.6317,-0.016776,77.458
1700,0.017847,-0.017845,10.315
1701,0.017867,-0.017864,10.089
1702,0.017869,-0.017866,10.74
1703,0.017845,-0.017842,11.906
1704,0.017839,-0.017836,11.934
1705,0.017805,-0.017802,12.266
1706,0.017777,-0.017774,12.524
1707,0.017834,-0.017831,10.829
1708,0.01781,-0.017807,12.588
1709,0.017819,-0.017815,12.923
171,0.63168,-0.016834,77.191
1710,0.017812,-0.017808,12.939
1711,0.017821,-0.017817,13.005
1712,0.017788,-0.017784,11.812
1713,0.017829,-0.017825,11.937
1714,0.017813,-0.017808,12.044
1715,0.017864,-0.01786,12.915
1716,0.017867,-0.017863,12.531
1717,0.017891,-0.017886,12.911
1718,0.017901,-0.017896,12.771
1719,0.01789,-0.017885,13.091
172,0.63175,-0.016954,78.279
1720,0.017863,-0.017859,13.281
1721,0.017903,-0.017898,14.136
1722,0.017918,-0.017913,14.124
1723,0.017889,-0.017885,13.732
1724,0.017896,-0.017891,14.149
1725,0.017909,-0.017904,14.312
1726,0.017877,-0.017872,14.324
1727,0.017885,-0.01788,15.042
1728,0.017909,-0.017904,14.274
1729,0.01788,-0.017875,13.591
173,0.63185,-0.016934,78.728
1730,0.017882,-0.017877,12.96
1731,0.017879,-0.017873,13.217
1732,0.017864,-0.017859,13.44
1733,0.017853,-0.017848,12.657
1734,0.017935,-0.01793,12.985
1735,0.017836,-0.017831,12.267
1736,0.017855,-0.01785,12.682
1737,0.017859,-0.017854,13.241
1738,0.017851,-0.017846,13.049
1739,0.017876,-0.017872,13.66
174,0.632,-0.017013,77.897
1740,0.017836,-0.017831,13.661
1741,0.017835,-0.01783,13.676
1742,0.017873,-0.017868,13.464
1743,0.017844,-0.01784,14.212
1744,0.017822,-0.017817,14.134
1745,0.017855,-0.01785,13.174
1746,0.017858,-0.017854,12.343
1747,0.017858,-0.017854,13.386
1748,0.017913,-0.017909,12.178
1749,0.017896,-0.017892,11.876
175,0.63225,-0.016848,76.938
1750,0.017838,-0.017834,11.343
1751,0.017926,-0.017923,11.633
1752,0.017903,-0.0179,11.581
1753,0.017895,-0.017892,11.005
1754,0.017915,-0.017911,11.302
1755,0.017866,-0.017863,11.086
1756,0.017885,-0.017882,11.363
1757,0.017922,-0.017919,11.401
1758,0.017892,-0.017889,11.926
1759,0.017907,-0.017905,10.144
176,0.63244,-0.016852,77.732
1760,0.017892,-0.017889,10.819
1761,0.017924,-0.017922,11.284
1762,0.017934,-0.017932,9.8803
1763,0.017932,-0.01793,10.913
1764,0.017939,-0.017937,10.47
1765,0.017932,-0.01793,8.8337
1766,0.017956,-0.017954,8.6137
1767,0.017962,-0.01796,8.586
1768,0.017929,-0.017927,8.2408
1769,0.017928,-0.017927,7.3825
177,0.63275,-0.016707,78.785
1770,0.017935,-0.017934,7.176
1771,0.017915,-0.017914,6.4701
1772,0.0179,-0.017898,6.2631
1773,0.017849,-0.017848,5.4482
1774,0.017849,-0.017848,5.6221
1775,0.017871,-0.01787,4.8114
1776,0.017844,-0.017843,5.1998
1777,0.017891,-0.017891,4.1507
1778,0.017937,-0.017937,2.1345
1779,0.017905,-0.017905,3.4363
178,0.63301,-0.016995,78.4
1780,0.017872,-0.017871,0.92833
1781,0.017928,-0.017927,2.3425
1782,0.017909,-0.017909,0.44201
1783,0.017963,-0.017963,-1.5841
1784,0.017911,-0.017911,-3.2015
1785,0.017985,-0.017985,-4.6573
1786,0.017898,-0.017898,-7.4229
1787,0.017918,-0.017917,-9.3532
1788,0.017928,-0.017927,-3.3055
1789,0.01795,-0.01795,-4.4706
179,0.63335,-0.016838,77.233
1790,0.017919,-0.017919,-6.9652
1791,0.017905,-0.017905,-7.5219
1792,0.017911,-0.01791,-6.2278
1793,0.017928,-0.017927,-6.05
1794,0.017908,-0.017907,-4.558
1795,0.017882,-0.017881,-3.1511
1796,0.017872,-0.017871,-1.7873
1797,0.017883,-0.017883,-1.101
1798,0.017909,-0.017909,-0.71882
1799,0.017908,-0.017907,1.9931
18,0.61292,-0.015661,73.77
180,0.63363,-0.016735,79.119
1800,0.017876,-0.017876,2.4084
1801,0.017926,-0.017925,3.6779
1802,0.017904,-0.017904,4.4796
1803,0.017898,-0.017897,4.7582
1804,0.017931,-0.01793,4.3495
1805,0.0179,-0.017899,4.8195
1806,0.017922,-0.017921,5.3495
1807,0.017922,-0.017921,5.4753
1808,0.017908,-0.017907,5.3817
1809,0.01791,-0.017909,6.3996
181,0.63379,-0.016935,78.515
1810,0.017918,-0.017916,6.6189
1811,0.017887,-0.017885,7.1267
1812,0.017893,-0.017892,6.8848
1813,0.017953,-0.017951,8.1211
1814,0.017943,-0.017941,9.1323
1815,0.01791,-0.017908,9.888
1816,0.017913,-0.017911,9.3089
1817,0.01788,-0.017878,10.239
1818,0.017932,-0.01793,10.08
1819,0.01793,-0.017928,11.173
182,0.63392,-0.016914,78.668
1820,0.017898,-0.017896,10.895
1821,0.017893,-0.017891,10.439
1822,0.017911,-0.017909,11.359
1823,0.017876,-0.017873,10.381
1824,0.017901,-0.017898,10.529
1825,0.017906,-0.017903,10.463
1826,0.017909,-0.017905,10.814
1827,0.017867,-0.017863,11.015
1828,0.017884,-0.017881,11.829
1829,0.01785,-0.017846,10.88
183,0.63404,-0.016836,76.044
1830,0.017884,-0.017881,11.906
1831,0.017903,-0.017899,11.583
1832,0.017923,-0.017919,12.473
1833,0.017931,-0.017927,12.965
1834,0.017919,-0.017915,13.584
1835,0.017935,-0.017931,13.846
1836,0.017914,-0.01791,13.907
1837,0.018001,-0.017996,13.698
1838,0.017991,-0.017986,12.383
1839,0.017968,-0.017964,13.703
184,0.63407,-0.016842,77.995
1840,0.017977,-0.017973,12.469
1841,0.017995,-0.017991,13.058
1842,0.017946,-0.017941,12.836
1843,0.017964,-0.017959,11.727
1844,0.017976,-0.017971,12.557
1845,0.017956,-0.017951,12.975
1846,0.017965,-0.01796,12.882
1847,0.017961,-0.017956,12.966
1848,0.017977,-0.017972,12.572
1849,0.018041,-0.018036,13.22
185,0.63405,-0.016971,77.811
1850,0.017976,-0.017972,14.606
1851,0.017975,-0.01797,14.047
1852,0.017996,-0.017991,13.823
1853,0.017992,-0.017987,14.153
1854,0.018007,-0.018002,13.136
1855,0.017973,-0.017968,14.438
1856,0.017951,-0.017946,14.211
1857,0.017977,-0.017973,14.108
1858,0.017965,-0.01796,12.22
1859,0.017948,-0.017944,11.751
186,0.634,-0.016781,77.245
1860,0.017965,-0.01796,12.837
1861,0.018,-0.017996,11.704
1862,0.017969,-0.017965,12.262
1863,0.018045,-0.01804,12.295
1864,0.018005,-0.018,12.249
1865,0.018004,-0.018,11.786
1866,0.017964,-0.01796,12.384
1867,0.018017,-0.018013,11.817
1868,0.018014,-0.01801,13.7
1869,0.018023,-0.01802,12.356
187,0.63393,-0.016803,78.181
1870,0.018017,-0.018013,13.026
1871,0.017987,-0.017984,13.36
1872,0.017963,-0.017959,12.881
1873,0.018032,-0.018028,12.019
1874,0.018012,-0.018009,11.525
1875,0.017979,-0.017976,12.135
1876,0.018012,-0.018009,11.393
1877,0.018026,-0.018023,10.763
1878,0.018041,-0.018038,9.8814
1879,0.018003,-0.018,10.604
188,0.63382,-0.016858,77.983
1880,0.018055,-0.018052,10.399
1881,0.017963,-0.017961,9.4142
1882,0.017975,-0.017972,8.8278
1883,0.018054,-0.018052,8.8719
1884,0.017992,-0.01799,8.8019
1885,0.018,-0.017998,9.2617
1886,0.01799,-0.017988,10.146
1887,0.018028,-0.018027,9.7674
1888,0.01802,-0.018018,9.4609
1889,0.018005,-0.018004,7.6861
189,0.63381,-0.017002,78.259
1890,0.017992,-0.017991,8.2655
1891,0.017958,-0.017956,7.7617
1892,0.018018,-0.018017,6.3152
1893,0.018009,-0.018008,6.5756
1894,0.017985,-0.017984,4.9587
1895,0.018044,-0.018043,4.7646
1896,0.017996,-0.017995,5.0077
1897,0.018004,-0.018003,4.2492
1898,0.018023,-0.018023,3.1422
1899,0.018036,-0.018035,2.745
19,0.61319,-0.016716,73.518
190,0.63376,-0.016672,78.408
1900,0.018022,-0.018022,1.5618
1901,0.018024,-0.018024,1.1911
1902,0.018024,-0.018023,2.2618
1903,0.018042,-0.018041,0.13354
1904,0.018058,-0.018057,-0.51299
1905,0.018073,-0.018073,-1.2736
1906,0.01803,-0.01803,-2.2465
1907,0.018039,-0.018039,-4.9487
1908,0.018088,-0.018088,-6.5524
1909,0.018041,-0.018041,-7.4681
191,0.63382,-0.016836,78.136
1910,0.018054,-0.018054,-7.0616
1911,0.018087,-0.018087,-4.9027
1912,0.018057,-0.018056,-4.5409
1913,0.018071,-0.018071,-7.8412
1914,0.018111,-0.01811,-3.2153
1915,0.018062,-0.018062,-6.5955
1916,0.018062,-0.018062,-6.0844
1917,0.01803,-0.018029,-5.3787
1918,0.018019,-0.018019,-2.5774
1919,0.018018,-0.018018,-1.5434
192,0.63394,-0.016838,78.93
1920,0.018051,-0.01805,0.17139
1921,0.018034,-0.018033,-0.31823
1922,0.018034,-0.018034,2.3371
1923,0.018068,-0.018068,2.4632
1924,0.018013,-0.018012,3.3285
1925,0.018031,-0.01803,4.5735
1926,0.017991,-0.01799,4.5892
1927,0.018034,-0.018034,4.8014
1928,0.017995,-0.017994,6.0696
1929,0.018012,-0.018011,5.5436
193,0.63413,-0.016937,78.684
1930,0.018039,-0.018038,5.4628
1931,0.018021,-0.01802,5.315
1932,0.018058,-0.018057,6.8756
1933,0.018055,-0.018054,7.4889
1934,0.018005,-0.018004,7.5177
1935,0.0181,-0.018099,7.3743
1936,0.018046,-0.018044,7.4458
1937,0.01801,-0.018008,7.6481
1938,0.018007,-0.018005,9.7025
1939,0.017982,-0.01798,9.3444
194,0.63439,-0.016849,77.735
1940,0.017995,-0.017993,10.14
1941,0.01804,-0.018038,10.351
1942,0.018,-0.017998,10.791
1943,0.018032,-0.018029,9.3097
1944,0.018039,-0.018037,11.024
1945,0.01805,-0.018048,11.758
1946,0.017995,-0.017993,10.367
1947,0.018016,-0.018013,10.665
1948,0.018045,-0.018042,10.681
1949,0.018064,-0.018061,10.728
195,0.63459,-0.016876,77.345
1950,0.018007,-0.018004,11.292
1951,0.01802,-0.018016,11.052
1952,0.018049,-0.018046,10.501
1953,0.018013,-0.01801,10.015
1954,0.017996,-0.017992,11.439
1955,0.018042,-0.018039,13.225
1956,0.018037,-0.018034,13.585
1957,0.018028,-0.018024,12.607
1958,0.018098,-0.018094,11.547
1959,0.018029,-0.018025,12.609
196,0.63491,-0.016843,78.853
1960,0.018014,-0.01801,13.327
1961,0.018075,-0.018071,14.198
1962,0.018046,-0.018042,13.616
1963,0.018077,-0.018072,12.539
1964,0.018018,-0.018014,11.848
1965,0.018028,-0.018024,11.825
1966,0.018041,-0.018037,12.595
1967,0.018038,-0.018034,12.463
1968,0.018059,-0.018055,11.937
1969,0.018061,-0.018056,12.13
197,0.63518,-0.016803,76.336
1970,0.018024,-0.01802,12.42
1971,0.018045,-0.01804,12.27
1972,0.018056,-0.018052,12.652
1973,0.018086,-0.018081,12.675
1974,0.018075,-0.018071,13.144
1975,0.018036,-0.018032,13.407
1976,0.018031,-0.018027,13.412
1977,0.018051,-0.018047,12.6
1978,0.018028,-0.018024,13.19
1979,0.018045,-0.01804,13.896
198,0.63551,-0.016921,78.175
1980,0.01808,-0.018076,13.502
1981,0.018105,-0.018101,12.864
1982,0.018066,-0.018061,13.82
1983,0.018103,-0.018099,12.005
1984,0.018059,-0.018055,11.723
1985,0.018015,-0.018011,11.605
1986,0.018066,-0.018062,11.447
1987,0.018079,-0.018076,11.824
1988,0.018046,-0.018043,10.98
1989,0.018013,-0.018009,10.864
199,0.63578,-0.016774,77.679
1990,0.018045,-0.018042,10.541
1991,0.018002,-0.017999,10.494
1992,0.018075,-0.018073,11.311
1993,0.018019,-0.018016,10.383
1994,0.018052,-0.01805,10.148
1995,0.018016,-0.018014,9.2854
1996,0.01802,-0.018019,8.414
1997,0.018047,-0.018046,7.9428
1998,0.017989,-0.017988,6.7372
1999,0.018095,-0.018094,9.7079
2,0.61259,-0.0083796,77.563
20,0.61296,-0.016872,73.251
200,0.63601,-0.016819,61.209
201,0.63617,-0.016747,63.976
202,0.63629,-0.016749,66.683
203,0.63633,-0.016767,69.962
204,0.63633,-0.016867,72.867
205,0.63631,-0.016767,76.178
206,0.63622,-0.016744,78.134
207,0.63615,-0.016766,77.625
208,0.63609,-0.016767,77.461
209,0.63599,-0.016833,77.015
21,0.61325,-0.016147,72.488
210,0.63602,-0.0167,78.605
211,0.63607,-0.016896,78.53
212,0.63624,-0.016847,77.382
213,0.63644,-0.01677,77.69
214,0.63669,-0.017004,78.529
215,0.63699,-0.016781,78.049
216,0.63726,-0.016818,77.055
217,0.63751,-0.016857,77.302
218,0.63778,-0.016741,78.768
219,0.63802,-0.016912,77.897
22,0.61331,-0.017235,72.926
220,0.63821,-0.016811,77.812
221,0.6384,-0.01693,77.27
222,0.63841,-0.016882,77.354
223,0.6384,-0.016911,77.654
224,0.63839,-0.016822,78.15
225,0.63834,-0.016884,78.373
226,0.63822,-0.016862,78.085
227,0.63821,-0.01681,77.281
228,0.63812,-0.016844,76.896
229,0.6381,-0.016791,77.889
23,0.61366,-0.017346,72.939
230,0.63823,-0.016673,78.392
231,0.63834,-0.016721,78.341
232,0.63854,-0.016827,78.18
233,0.63878,-0.016856,78.559
234,0.63906,-0.01675,78.405
235,0.63936,-0.016762,78.297
236,0.63965,-0.016865,76.312
237,0.63989,-0.016829,77.412
238,0.64015,-0.01682,77.397
239,0.64036,-0.016877,78.252
24,0.61381,-0.016986,72.928
240,0.64043,-0.016798,78.78
241,0.64051,-0.016768,78.999
242,0.64049,-0.016806,77.896
243,0.64043,-0.016705,78.7
244,0.64042,-0.016865,77.177
245,0.64037,-0.016899,78.548
246,0.64031,-0.016945,78.481
247,0.64024,-0.016902,78.868
248,0.64024,-0.016777,78.548
249,0.64029,-0.016809,77.158
25,0.6142,-0.017577,72.849
250,0.64037,-0.016882,76.853
251,0.64053,-0.016726,78.725
252,0.64082,-0.016864,78.137
253,0.64107,-0.016841,76.409
254,0.64135,-0.016745,78.704
255,0.64168,-0.01692,77.857
256,0.64197,-0.016777,78.066
257,0.6422,-0.016842,77.973
258,0.64234,-0.016812,78.647
259,0.64249,-0.016907,78.803
26,0.6142,-0.016359,72.829
260,0.64253,-0.016744,78.498
261,0.64256,-0.016835,77.913
262,0.64245,-0.016807,77.268
263,0.64241,-0.016771,77.146
264,0.64234,-0.016866,78.747
265,0.64225,-0.016855,77.077
266,0.64218,-0.016858,77.103
267,0.64218,-0.016696,77.814
268,0.64224,-0.016771,78.243
269,0.64235,-0.016809,76.425
27,0.6143,-0.016265,72.689
270,0.64247,-0.016906,78.548
271,0.64269,-0.016773,78.428
272,0.64297,-0.01681,76.521
273,0.64324,-0.01682,76.398
274,0.64353,-0.016858,78.989
275,0.6438,-0.016831,78.334
276,0.64404,-0.016898,78.368
277,0.64423,-0.016805,77.614
278,0.64433,-0.016878,78.541
279,0.64443,-0.016981,77.892
28,0.61456,-0.016792,72.57
280,0.64436,-0.016874,78.255
281,0.64428,-0.016839,77.949
282,0.64431,-0.016858,78.616
283,0.64413,-0.016764,77.725
284,0.64407,-0.016898,78.301
285,0.64398,-0.016757,77.131
286,0.64396,-0.016874,78.561
287,0.64398,-0.016728,77.156
288,0.64402,-0.01693,78.493
289,0.64422,-0.01684,77.577
29,0.61455,-0.016801,72.436
290,0.64431,-0.016816,77.094
291,0.64459,-0.01687,78.641
292,0.6448,-0.01676,78.914
293,0.64509,-0.01682,78.957
294,0.64537,-0.016859,78.368
295,0.64558,-0.016711,78.929
296,0.64569,-0.016728,78.422
297,0.64581,-0.016774,78.114
298,0.64588,-0.016766,77.745
299,0.64588,-0.016874,77.836
3,0.61359,-0.014638,76.96
30,0.61468,-0.017302,72.378
300,0.64573,-0.016914,78.278
301,0.64566,-0.016787,77.561
302,0.64558,-0.016809,77.198
303,0.64545,-0.016741,78.569
304,0.64537,-0.016851,78.294
305,0.64529,-0.016739,78.023
306,0.64534,-0.016796,77.727
307,0.6454,-0.016865,77.841
308,0.64555,-0.016828,77.287
309,0.64568,-0.016763,78.56
31,0.61453,-0.016192,72.394
310,0.64593,-0.016812,77.346
311,0.64616,-0.016882,78.411
312,0.6464,-0.016906,78.707
313,0.64659,-0.016831,78.831
314,0.64681,-0.016858,77.438
315,0.64702,-0.016921,78.72
316,0.64705,-0.016736,78.648
317,0.64701,-0.016735,78.638
318,0.64698,-0.016791,77.653
319,0.64692,-0.01676,78.33
32,0.61459,-0.0171,72.261
320,0.64675,-0.016843,77.558
321,0.64668,-0.01682,77.416
322,0.64646,-0.016843,77.056
323,0.64633,-0.016822,79.039
324,0.64632,-0.016877,78.078
325,0.64633,-0.016892,78.802
326,0.64635,-0.016821,77.914
327,0.64656,-0.016747,79.197
328,0.64669,-0.016903,78.682
329,0.64686,-0.016756,78.181
33,0.6147,-0.017343,72.377
330,0.64716,-0.016805,77.136
331,0.64739,-0.016898,78.953
332,0.64757,-0.016952,78.613
333,0.64775,-0.016864,78.426
334,0.64778,-0.016821,77.164
335,0.64784,-0.016774,78.505
336,0.64777,-0.01697,78.455
337,0.64757,-0.016938,77.418
338,0.64747,-0.016819,77.4
339,0.6472,-0.01687,78.221
34,0.61437,-0.017036,71.875
340,0.64716,-0.016974,78.356
341,0.64699,-0.016932,77.319
342,0.64688,-0.016834,77.321
343,0.64688,-0.016881,78.286
344,0.64685,-0.01679,77.932
345,0.64704,-0.016845,78.154
346,0.64718,-0.016852,76.484
347,0.64732,-0.016853,77.96
348,0.64747,-0.016767,78.273
349,0.64777,-0.016874,78.141
35,0.61449,-0.016858,72.066
350,0.64792,-0.016863,77.54
351,0.64809,-0.016798,77.507
352,0.64809,-0.016833,77.71
353,0.64822,-0.016855,76.562
354,0.64822,-0.016821,77.678
355,0.64804,-0.016807,76.492
356,0.64783,-0.016779,78.644
357,0.64757,-0.016712,78.022
358,0.6473,-0.016877,78.884
359,0.64724,-0.016871,77.021
36,0.61436,-0.01686,71.843
360,0.64726,-0.016746,79.007
361,0.64717,-0.016785,77.927
362,0.64707,-0.016732,77.988
363,0.6472,-0.016808,78.318
364,0.64729,-0.016796,77.217
365,0.64763,-0.016886,78.338
366,0.64779,-0.016723,78.027
367,0.64806,-0.016829,76.229
368,0.64803,-0.016845,77.448
369,0.64827,-0.016956,78.673
37,0.61442,-0.016624,72.032
370,0.64828,-0.016891,78.504
371,0.64817,-0.016822,77.861
372,0.64782,-0.01677,78.164
373,0.64779,-0.016877,78.073
374,0.64765,-0.016873,78.145
375,0.64725,-0.016825,77.338
376,0.64731,-0.016751,78.168
377,0.64716,-0.016738,78.654
378,0.64749,-0.016896,78.289
379,0.64749,-0.016882,78.067
38,0.61427,-0.017077,72.133
380,0.64807,-0.016911,78.67
381,0.64807,-0.016788,77.51
382,0.64842,-0.016898,77.854
383,0.64791,-0.016816,76.907
384,0.64658,-0.016805,77.367
385,0.64459,-0.016738,78.975
386,0.64142,-0.01687,77.256
387,0.63573,-0.016868,78.453
388,0.62798,-0.016858,77.705
389,0.61841,-0.016947,78.964
39,0.61449,-0.017315,72.159
390,0.60489,-0.016758,78.398
391,0.58917,-0.016832,78.165
392,0.5704,-0.016878,77.006
393,0.54764,-0.016851,77.598
394,0.52109,-0.016768,76.582
395,0.49258,-0.016848,75.389
396,0.46008,-0.016843,73.977
397,0.42594,-0.016816,74.078
398,0.39041,-0.016765,73.905
399,0.3534,-0.01687,71.764
4,0.61259,-0.016424,77.044
40,0.61456,-0.016723,72.569
400,0.31302,-0.016876,71.767
401,0.2787,-0.016864,69.778
402,0.24201,-0.01682,69.188
403,0.20701,-0.016839,67.373
404,0.17414,-0.016865,66.436
405,0.14348,-0.01682,64.128
406,0.11626,-0.016849,62.871
407,0.091934,-0.016921,60.748
408,0.071198,-0.016902,58.928
409,0.053993,-0.016874,55.67
41,0.61486,-0.016697,72.475
410,0.040254,-0.016845,52.508
411,0.030059,-0.01688,50.191
412,0.02316,-0.016796,45.888
413,0.019298,-0.01685,41.201
414,0.017577,-0.016886,35.511
415,0.016969,-0.016852,26.233
416,0.016794,-0.016791,12.476
417,0.016853,-0.016848,13.784
418,0.016842,-0.016833,16.028
419,0.016814,-0.016809,13.421
42,0.61514,-0.017505,72.398
420,0.016801,-0.0168,-1.8446
421,0.01681,-0.016808,9.6277
422,0.016805,-0.016799,14.353
423,0.016811,-0.016802,16.411
424,0.016813,-0.016806,15.011
425,0.016857,-0.016854,10.867
426,0.016854,-0.016854,-0.25055
427,0.016871,-0.01687,5.6357
428,0.016844,-0.016839,13.428
429,0.016807,-0.016798,15.785
43,0.61524,-0.016365,72.481
430,0.016843,-0.016832,17.096
431,0.016765,-0.016755,16.976
432,0.016831,-0.016824,15.174
433,0.016742,-0.016739,9.0647
434,0.016765,-0.016764,-1.7695
435,0.016804,-0.016803,4.1092
436,0.016785,-0.016781,12.07
437,0.016774,-0.016767,16.304
438,0.016772,-0.016763,16.691
439,0.016743,-0.016733,15.496
44,0.61553,-0.01662,72.707
440,0.016823,-0.016817,15.033
441,0.016832,-0.016829,11.449
442,0.016787,-0.016786,3.8757
443,0.016851,-0.01685,-0.60935
444,0.016857,-0.016854,11.161
445,0.01682,-0.016814,15.532
446,0.016809,-0.016799,16.898
447,0.016766,-0.016755,17.553
448,0.016779,-0.016768,16.46
449,0.016823,-0.016816,15.389
45,0.61596,-0.017138,72.834
450,0.016845,-0.016842,12.12
451,0.01682,-0.01682,4.4836
452,0.016831,-0.01683,-1.8372
453,0.016765,-0.016763,10.172
454,0.016819,-0.016813,14.464
455,0.016867,-0.016858,16.444
456,0.016817,-0.016808,16.694
457,0.01684,-0.016831,15.927
458,0.016818,-0.016812,14.735
459,0.0168,-0.016797,11.093
46,0.61615,-0.016415,73.058
460,0.016802,-0.016801,3.6815
461,0.016797,-0.016797,0.14655
462,0.016794,-0.016792,10.235
463,0.016814,-0.016808,14.153
464,0.016803,-0.016794,17.113
465,0.016821,-0.01681,17.15
466,0.0168,-0.01679,16.369
467,0.016838,-0.016831,15.917
468,0.016848,-0.016844,12.948
469,0.016807,-0.016805,7.521
47,0.61632,-0.016443,72.997
470,0.01678,-0.01678,-2.2521
471,0.016799,-0.016798,7.4925
472,0.01679,-0.016786,12.919
473,0.016801,-0.016794,15.076
474,0.016767,-0.016759,16.272
475,0.016774,-0.016765,16.466
476,0.016802,-0.016795,14.753
477,0.016778,-0.016774,12.403
478,0.016809,-0.016808,7.5133
479,0.016801,-0.016801,-5.108
48,0.61641,-0.016624,72.666
480,0.01683,-0.016828,5.9178
481,0.016785,-0.016781,13.107
482,0.0168,-0.016793,15.869
483,0.016801,-0.01679,17.17
484,0.016797,-0.016787,17.165
485,0.016772,-0.016763,17.087
486,0.016774,-0.016768,14.567
487,0.016769,-0.016766,10.933
488,0.016778,-0.016778,2.9412
489,0.01678,-0.01678,-0.91527
49,0.61656,-0.016829,72.977
490,0.016778,-0.016776,8.8561
491,0.016757,-0.016752,14.122
492,0.01672,-0.016712,15.803
493,0.016818,-0.016808,15.186
494,0.016795,-0.016786,16.236
495,0.016755,-0.016748,15.386
496,0.016775,-0.016771,12.238
497,0.016816,-0.016815,6.8799
498,0.016822,-0.016821,-2.9906
499,0.01677,-0.016769,7.4365
5,0.61245,-0.01831,76.838
50,0.61656,-0.016668,72.803
500,0.016824,-0.01682,13.027
501,0.016844,-0.016837,15.228
502,0.016843,-0.016834,15.71
503,0.016855,-0.016846,16.778
504,0.01684,-0.016833,15.86
505,0.016856,-0.016852,12.95
506,0.016829,-0.016827,8.7565
507,0.016843,-0.016843,-7.3915
508,0.016773,-0.016773,5.5905
509,0.016821,-0.016818,12.575
51,0.61665,-0.017061,72.701
510,0.016823,-0.016816,14.952
511,0.016758,-0.016748,16.97
512,0.016806,-0.016795,17.268
513,0.016837,-0.016827,16.552
514,0.01682,-0.016813,14.952
515,0.016817,-0.016814,11.156
516,0.016818,-0.016817,5.0513
517,0.016825,-0.016825,-3.2181
518,0.016822,-0.01682,7.7959
519,0.016777,-0.016771,13.598
52,0.61661,-0.016734,72.951
520,0.01681,-0.016801,16.505
521,0.016795,-0.016784,17.277
522,0.016793,-0.016781,18.187
523,0.016789,-0.01678,16.09
524,0.016831,-0.016824,15.551
525,0.016777,-0.016775,11.02
526,0.016829,-0.016828,1.7668
527,0.016846,-0.016845,0.7099
528,0.016788,-0.016785,10.562
529,0.016781,-0.016775,13.824
53,0.61657,-0.016817,72.744
530,0.016854,-0.016846,16.261
531,0.016846,-0.016836,17.433
532,0.016813,-0.016804,15.957
533,0.016828,-0.016821,15.252
534,0.016838,-0.016835,11.982
535,0.016826,-0.016825,4.5774
536,0.016805,-0.016804,-5.3934
537,0.01683,-0.016829,8.9089
538,0.016824,-0.016819,13.63
539,0.016833,-0.016825,15.249
54,0.6166,-0.017399,72.694
540,0.016802,-0.016791,17.427
541,0.016788,-0.016777,17.299
542,0.01685,-0.016841,17.122
543,0.016784,-0.016778,14.285
544,0.016825,-0.016822,11.417
545,0.016823,-0.016822,1.2132
546,0.016779,-0.016778,0.68882
547,0.016852,-0.016849,10.58
548,0.016862,-0.016857,14.091
549,0.016851,-0.016842,15.918
55,0.61645,-0.016597,72.784
550,0.016861,-0.01685,16.869
551,0.016889,-0.016879,16.424
552,0.016853,-0.016845,16.209
553,0.016877,-0.016873,13.189
554,0.01685,-0.016849,9.1922
555,0.016878,-0.016877,-2.9589
556,0.01685,-0.016849,6.7674
557,0.016845,-0.016842,12.323
558,0.016856,-0.016849,15.006
559,0.016851,-0.016841,15.871
56,0.61654,-0.016867,73.48
560,0.016863,-0.016852,16.936
561,0.016851,-0.016842,16.235
562,0.016852,-0.016846,13.917
563,0.016863,-0.016861,10.74
564,0.016824,-0.016823,3.3598
565,0.016857,-0.016856,-1.963
566,0.01687,-0.016868,9.6076
567,0.016874,-0.016869,13.31
568,0.016882,-0.016874,15.339
569,0.016896,-0.016887,17.659
57,0.6165,-0.016881,75.133
570,0.01684,-0.016831,16.403
571,0.016828,-0.016821,15.076
572,0.016854,-0.01685,12.164
573,0.016807,-0.016806,7.5721
574,0.016871,-0.016871,-4.9691
575,0.016877,-0.016876,6.1248
576,0.01689,-0.016887,11.709
577,0.016888,-0.016881,15.142
578,0.016857,-0.016847,15.663
579,0.0169,-0.016889,16.817
58,0.61672,-0.017254,77.593
580,0.016875,-0.016866,16.128
581,0.01686,-0.016854,14.575
582,0.016842,-0.016839,11.327
583,0.016864,-0.016864,3.7006
584,0.016893,-0.016893,-3.3633
585,0.016845,-0.016843,9.5313
586,0.016886,-0.016881,13.544
587,0.016886,-0.016878,15.596
588,0.016856,-0.016846,16.605
589,0.016876,-0.016867,17.14
59,0.61683,-0.017075,77.984
590,0.016814,-0.016806,15.41
591,0.016818,-0.016814,13.585
592,0.016874,-0.016872,8.4074
593,0.016868,-0.016868,-3.5118
594,0.016853,-0.016852,4.8032
595,0.016881,-0.016878,10.914
596,0.016879,-0.016872,14.817
597,0.01688,-0.01687,16.313
598,0.01688,-0.016868,17.408
599,0.016848,-0.016837,17.727
6,0.61316,-0.021298,76.808
60,0.61706,-0.017061,77.941
600,0.016883,-0.016875,15.755
601,0.016839,-0.016835,12.634
602,0.01684,-0.016839,7.5241
603,0.01685,-0.016849,-9.2858
604,0.016816,-0.016814,8.1361
605,0.016872,-0.016868,13.293
606,0.016908,-0.0169,15.582
607,0.016878,-0.016867,17.321
608,0.016888,-0.016876,17.427
609,0.016906,-0.016896,17.703
61,0.61733,-0.016943,78.385
610,0.016864,-0.016857,15.287
611,0.016833,-0.01683,11.939
612,0.016894,-0.016894,5.4339
613,0.016844,-0.016843,-6.9026
614,0.016898,-0.016896,7.6991
615,0.01684,-0.016835,12.046
616,0.016879,-0.016872,14.322
617,0.016822,-0.016813,14.373
618,0.016849,-0.016841,16.647
619,0.016784,-0.016778,15.147
62,0.6176,-0.017104,78.711
620,0.016799,-0.016796,12.317
621,0.016814,-0.016813,7.7453
622,0.016887,-0.016887,-5.9516
623,0.016822,-0.016821,6.3203
624,0.016872,-0.016868,11.563
625,0.016821,-0.016815,14.795
626,0.01678,-0.016772,15.803
627,0.016889,-0.01688,16.739
628,0.016829,-0.016821,17.04
629,0.016791,-0.016786,14.728
63,0.61796,-0.016724,78.272
630,0.016835,-0.016832,10.916
631,0.016817,-0.016817,2.1869
632,0.016819,-0.016819,-2.1037
633,0.016792,-0.01679,9.4565
634,0.016785,-0.016781,12.625
635,0.016816,-0.016808,14.498
636,0.016815,-0.016806,16.186
637,0.016823,-0.016814,16.394
638,0.016798,-0.016791,15.157
639,0.016781,-0.016777,12.744
64,0.61816,-0.017164,78.499
640,0.01679,-0.016789,7.321
641,0.016765,-0.016765,-7.373
642,0.016814,-0.016814,4.6133
643,0.016797,-0.016794,11.049
644,0.016793,-0.016787,14.104
645,0.016789,-0.016781,16.339
646,0.016804,-0.016795,16.079
647,0.01684,-0.016832,15.916
648,0.016839,-0.016834,13.951
649,0.016843,-0.01684,9.4792
65,0.61846,-0.016941,77.318
650,0.016829,-0.016828,2.2902
651,0.016834,-0.016834,-1.328
652,0.016836,-0.016833,9.9704
653,0.016879,-0.016874,13.746
654,0.016863,-0.016854,14.328
655,0.016935,-0.016924,17.162
656,0.016947,-0.016936,17.814
657,0.016913,-0.016904,15.498
658,0.016881,-0.016875,14.643
659,0.016897,-0.016894,10.593
66,0.61874,-0.016664,78.301
660,0.016838,-0.016838,1.7291
661,0.016839,-0.016838,1.0353
662,0.016834,-0.016832,10.676
663,0.016793,-0.016788,13.777
664,0.016805,-0.016797,15.866
665,0.016804,-0.016794,16.423
666,0.016869,-0.01686,15.155
667,0.016865,-0.016858,14.536
668,0.0168,-0.016796,11.52
669,0.01687,-0.016869,5.9145
67,0.61887,-0.017425,72.383
670,0.016843,-0.016842,-6.5708
671,0.016811,-0.016809,6.4068
672,0.016859,-0.016855,12.215
673,0.016854,-0.016847,15.684
674,0.016864,-0.016855,15.986
675,0.016891,-0.016882,15.773
676,0.016932,-0.016924,15.099
677,0.016895,-0.01689,13.418
678,0.016891,-0.016889,9.8652
679,0.016879,-0.016879,-0.51473
68,0.61898,-0.016808,77.207
680,0.016883,-0.016882,3.3319
681,0.016817,-0.016814,10.449
682,0.016781,-0.016776,14.263
683,0.016816,-0.016808,16.268
684,0.016809,-0.016798,16.932
685,0.016816,-0.016807,16.521
686,0.016853,-0.016846,15.108
687,0.016796,-0.016792,13.26
688,0.016814,-0.016813,7.4493
689,0.016825,-0.016825,-11.683
69,0.61904,-0.016908,77.715
690,0.016767,-0.016766,6.8513
691,0.016816,-0.016812,12.698
692,0.016817,-0.016809,15.956
693,0.016823,-0.016813,16.843
694,0.01681,-0.016799,17.993
695,0.016821,-0.016811,16.003
696,0.016828,-0.01682,15.684
697,0.016784,-0.01678,12.583
698,0.016785,-0.016784,6.585
699,0.016824,-0.016823,-5.195
7,0.61353,-0.015443,76.296
70,0.61904,-0.016776,78.485
700,0.016797,-0.016795,7.3571
701,0.016771,-0.016767,12.544
702,0.01678,-0.016773,15.571
703,0.01681,-0.016801,15.619
704,0.016822,-0.016813,16.602
705,0.016833,-0.016825,16.086
706,0.016788,-0.016783,13.79
707,0.0168,-0.016798,9.4408
708,0.016777,-0.016777,0.13236
709,0.016802,-0.016801,1.8312
71,0.61907,-0.017137,77.981
710,0.016799,-0.016797,10.261
711,0.016823,-0.016818,14.586
712,0.016818,-0.01681,15.126
713,0.016816,-0.016807,16.322
714,0.016825,-0.016816,14.408
715,0.016802,-0.016796,15.084
716,0.016853,-0.01685,10.762
717,0.016851,-0.01685,5.7868
718,0.016823,-0.016823,-5.8212
719,0.016797,-0.016796,8.0777
72,0.61902,-0.016712,78.23
720,0.016815,-0.016811,13.009
721,0.016821,-0.016814,15.649
722,0.016822,-0.016812,17.779
723,0.016859,-0.016849,17.592
724,0.01679,-0.016781,16.523
725,0.016818,-0.016813,13.934
726,0.016893,-0.016891,11.036
727,0.016866,-0.016866,2.8154
728,0.016847,-0.016847,-0.1138
729,0.01686,-0.016858,9.9264
73,0.61899,-0.016871,77.1
730,0.016855,-0.016849,13.86
731,0.016876,-0.016868,15.569
732,0.016825,-0.016816,16.445
733,0.016839,-0.01683,16.076
734,0.016816,-0.016809,14.313
735,0.016824,-0.016819,13.287
736,0.016812,-0.016811,9.0209
737,0.016834,-0.016834,-6.0438
738,0.0168,-0.016799,4.7425
739,0.016811,-0.016808,11.981
74,0.61907,-0.017146,76.265
740,0.016788,-0.016783,14.932
741,0.016796,-0.016788,16.061
742,0.016854,-0.016845,16.928
743,0.01682,-0.016812,15.696
744,0.016854,-0.016848,13.969
745,0.016846,-0.016844,9.3725
746,0.016809,-0.016809,1.1621
747,0.01681,-0.01681,-0.096796
748,0.016868,-0.016865,9.7819
749,0.016827,-0.016821,13.316
75,0.61902,-0.017197,78.101
750,0.016834,-0.016826,15.685
751,0.01681,-0.0168,16.775
752,0.016841,-0.016831,16.861
753,0.016874,-0.016866,15.71
754,0.016815,-0.01681,13.121
755,0.016846,-0.016844,9.4907
756,0.016822,-0.016822,-3.2268
757,0.016841,-0.01684,4.2574
758,0.016827,-0.016824,11.382
759,0.01686,-0.016854,14.849
76,0.61905,-0.01717,78.137
760,0.016872,-0.016863,16.466
761,0.016868,-0.016858,17.102
762,0.016807,-0.016798,17.106
763,0.016846,-0.01684,14.253
764,0.016821,-0.016818,12.081
765,0.016757,-0.016756,5.5617
766,0.016803,-0.016802,-5.2459
767,0.016824,-0.016822,9.0962
768,0.016784,-0.016779,14.281
769,0.016804,-0.016796,15.233
77,0.61913,-0.016858,78.326
770,0.016827,-0.016816,17.642
771,0.016811,-0.016799,17.214
772,0.016797,-0.016787,16.967
773,0.016838,-0.016831,14.957
774,0.016866,-0.016863,12.019
775,0.016933,-0.016932,3.8146
776,0.016808,-0.016808,-1.1316
777,0.016829,-0.016827,9.9213
778,0.016846,-0.016841,14.149
779,0.016844,-0.016836,16.539
78,0.61937,-0.016708,78.09
780,0.01681,-0.0168,16.971
781,0.016821,-0.016812,16.314
782,0.01685,-0.016842,15.679
783,0.016876,-0.016872,12.79
784,0.016823,-0.016822,7.7497
785,0.016852,-0.016852,-5.7044
786,0.016891,-0.01689,6.9399
787,0.01687,-0.016867,12.268
788,0.016883,-0.016876,14.865
789,0.016856,-0.016847,17.217
79,0.61959,-0.016581,78.626
790,0.016853,-0.016843,18.023
791,0.016868,-0.016858,17.1
792,0.016852,-0.016845,14.776
793,0.016832,-0.016829,11.429
794,0.016875,-0.016874,4.1831
795,0.016859,-0.016859,-1.5027
796,0.01688,-0.016878,9.6358
797,0.016887,-0.016881,14.86
798,0.016894,-0.016885,17.079
799,0.01689,-0.016879,18.905
8,0.61362,-0.016555,75.704
80,0.61991,-0.016903,64.524
800,0.016827,-0.016817,17.68
801,0.01686,-0.016851,16.262
802,0.016862,-0.016856,14.76
803,0.016884,-0.016882,10.497
804,0.016824,-0.016824,0.029826
805,0.016812,-0.016811,0.54205
806,0.016864,-0.016861,9.897
807,0.016888,-0.016882,14.186
808,0.016886,-0.016877,16.684
809,0.016865,-0.016854,17.296
81,0.62021,-0.016866,71.191
810,0.016869,-0.016859,16.79
811,0.016837,-0.01683,16.509
812,0.016837,-0.016833,13.835
813,0.016828,-0.016826,8.6183
814,0.016814,-0.016813,-9.5394
815,0.016856,-0.016855,5.7606
816,0.016812,-0.016809,12.803
817,0.016829,-0.016823,15.422
818,0.016884,-0.016875,17.028
819,0.01687,-0.016861,17.057
82,0.62048,-0.017021,77.478
820,0.016857,-0.016848,15.759
821,0.016867,-0.016862,14.064
822,0.016872,-0.016869,10.474
823,0.016855,-0.016855,2.0346
824,0.016843,-0.016843,0.94588
825,0.016852,-0.016849,10.471
826,0.01686,-0.016854,13.944
827,0.016861,-0.016853,16.666
828,0.016872,-0.016861,17.613
829,0.016817,-0.016806,17.486
83,0.6208,-0.016589,78.599
830,0.01685,-0.016842,16.794
831,0.016873,-0.016868,14.853
832,0.01684,-0.016838,9.7289
833,0.016833,-0.016833,0.51509
834,0.0168,-0.016799,2.3225
835,0.016805,-0.016803,10.855
836,0.016809,-0.016804,14.471
837,0.016805,-0.016797,15.486
838,0.016814,-0.016804,16.899
839,0.016779,-0.016771,15.8
84,0.62108,-0.016712,77.782
840,0.016839,-0.016833,14.874
841,0.016844,-0.016841,11.601
842,0.016833,-0.016832,6.2698
843,0.01683,-0.016829,-6.4326
844,0.016836,-0.016835,7.9481
845,0.016838,-0.016834,12.835
846,0.016857,-0.01685,15.389
847,0.016821,-0.016812,16.785
848,0.016878,-0.016869,16.584
849,0.016908,-0.016899,16.067
85,0.62131,-0.016951,77.768
850,0.016839,-0.016834,14.736
851,0.016849,-0.016846,10.715
852,0.016848,-0.016848,3.2007
853,0.01683,-0.016829,-4.5745
854,0.016832,-0.01683,9.255
855,0.016819,-0.016815,12.539
856,0.016819,-0.016813,15.153
857,0.016789,-0.016781,16.059
858,0.016816,-0.016809,16.01
859,0.016838,-0.016832,14.944
86,0.62151,-0.016951,78.719
860,0.016843,-0.01684,11.421
861,0.016823,-0.016822,6.2552
862,0.016828,-0.016828,-5.4274
863,0.016835,-0.016834,6.3415
864,0.016811,-0.016808,12.041
865,0.016799,-0.016793,15.615
866,0.016835,-0.016827,16.058
867,0.016815,-0.016806,15.891
868,0.0168,-0.016793,15.809
869,0.016827,-0.016822,12.979
87,0.62166,-0.016636,78.896
870,0.01681,-0.016808,10.516
871,0.016816,-0.016815,1.8032
872,0.016814,-0.016813,-3.3896
873,0.016814,-0.016813,9.1974
874,0.016826,-0.016821,13.226
875,0.016838,-0.016831,14.873
876,0.016872,-0.016863,15.526
877,0.01683,-0.016822,15.704
878,0.016808,-0.016802,14.18
879,0.016795,-0.016791,12.639
88,0.6217,-0.017163,78.52
880,0.016764,-0.016762,8.728
881,0.016801,-0.016801,-3.3786
882,0.016792,-0.016791,2.218
883,0.016783,-0.016781,10.049
884,0.016841,-0.016836,13.325
885,0.016789,-0.016782,15.142
886,0.016787,-0.01678,15.487
887,0.016785,-0.016779,14.793
888,0.016768,-0.016764,13.801
889,0.016834,-0.016832,10.151
89,0.62179,-0.016889,77.524
890,0.016808,-0.016808,2.9289
891,0.016811,-0.016811,-5.9455
892,0.016842,-0.016841,7.5588
893,0.016849,-0.016845,11.326
894,0.016793,-0.016788,14.196
895,0.016825,-0.016818,15.835
896,0.016795,-0.016788,15.259
897,0.016775,-0.016769,14.832
898,0.016775,-0.016772,12.74
899,0.016794,-0.016793,7.3217
9,0.61409,-0.014576,75.632
90,0.62178,-0.016745,77.701
900,0.016765,-0.016765,-5.6729
901,0.016751,-0.016751,3.3885
902,0.016821,-0.016819,10.256
903,0.016826,-0.016821,12.87
904,0.016814,-0.016807,14.945
905,0.016825,-0.016817,16.815
906,0.016894,-0.016887,15.694
907,0.016841,-0.016836,13.098
908,0.016853,-0.01685,10.616
909,0.016849,-0.016848,6.3946
91,0.62178,-0.017175,78.273
910,0.016847,-0.016847,-5.0128
911,0.016838,-0.016837,4.606
912,0.016816,-0.016814,10.395
913,0.016871,-0.016867,13.511
914,0.016861,-0.016855,14.672
915,0.016896,-0.016889,15.545
916,0.016813,-0.016807,14.95
917,0.016864,-0.01686,12.493
918,0.016859,-0.016857,9.9123
919,0.016845,-0.016844,3.4859
92,0.62169,-0.01715,78.57
920,0.016803,-0.016803,-7.346
921,0.016826,-0.016825,5.7588
922,0.016824,-0.016821,10.49
923,0.016835,-0.016831,13.477
924,0.01688,-0.016875,14.525
925,0.01686,-0.016854,11.872
926,0.016835,-0.016831,12.747
927,0.016887,-0.016884,11.211
928,0.016818,-0.016817,5.772
929,0.016842,-0.016842,-4.5614
93,0.62164,-0.016799,76.793
930,0.016814,-0.016813,1.9488
931,0.016812,-0.01681,9.1924
932,0.016825,-0.016822,12.042
933,0.016842,-0.016838,13.559
934,0.016865,-0.01686,14.222
935,0.016834,-0.016829,13.589
936,0.016801,-0.016798,11.831
937,0.016827,-0.016826,8.8859
938,0.016816,-0.016816,1.5996
939,0.016874,-0.016874,-5.8907
94,0.62173,-0.016838,78.618
940,0.016866,-0.016865,6.6004
941,0.016843,-0.01684,10.89
942,0.016845,-0.016841,13.062
943,0.01681,-0.016805,14.032
944,0.016824,-0.016819,14.337
945,0.016819,-0.016815,13.081
946,0.016843,-0.01684,11.249
947,0.016807,-0.016805,7.5162
948,0.0168,-0.016799,-0.26219
949,0.01684,-0.01684,-4.1314
95,0.62177,-0.016977,77.22
950,0.01685,-0.016849,6.0363
951,0.01686,-0.016857,10.139
952,0.016847,-0.016844,11.92
953,0.01685,-0.016846,12.705
954,0.0168,-0.016797,12.747
955,0.01686,-0.016857,12.099
956,0.016867,-0.016866,7.705
957,0.016816,-0.016815,2.8741
958,0.016836,-0.016835,-5.4309
959,0.016819,-0.016819,2.3549
96,0.62187,-0.016672,77.852
960,0.016849,-0.016847,8.1335
961,0.016825,-0.016822,10.982
962,0.016858,-0.016855,12.064
963,0.016839,-0.016836,12.015
964,0.016865,-0.016862,11.372
965,0.016822,-0.01682,9.1255
966,0.01688,-0.016879,6.4234
967,0.016882,-0.016881,-3.1739
968,0.016876,-0.016875,-4.5075
969,0.016821,-0.01682,5.8445
97,0.6221,-0.016911,76.956
970,0.016812,-0.01681,9.2007
971,0.016783,-0.016781,10.281
972,0.016822,-0.016819,11.268
973,0.01677,-0.016767,11.436
974,0.016806,-0.016804,10.049
975,0.01679,-0.016788,7.0824
976,0.016834,-0.016834,2.212
977,0.016825,-0.016825,-4.9026
978,0.016832,-0.016831,-0.71727
979,0.016846,-0.016845,5.3584
98,0.62226,-0.01693,76.734
980,0.01684,-0.016838,9.2816
981,0.016815,-0.016813,10.039
982,0.016795,-0.016793,10.59
983,0.016872,-0.01687,10.373
984,0.016847,-0.016845,7.9739
985,0.016827,-0.016827,4.2775
986,0.016827,-0.016827,-2.7047
987,0.016813,-0.016813,-2.6736
988,0.016853,-0.016852,5.1587
989,0.016847,-0.016846,9.4911
99,0.62255,-0.016708,78.687
990,0.016845,-0.016843,10.157
991,0.0168,-0.016797,12.035
992,0.016794,-0.016791,11.25
993,0.016812,-0.01681,9.8138
994,0.016809,-0.016808,7.009
995,0.016805,-0.016804,1.6
996,0.016769,-0.016769,-3.9398
997,0.016835,-0.016835,-1.4854
998,0.016817,-0.016817,5.4646
999,0.016785,-0.016784,8.8348
