abs(js),abs(ml),w
63.154,63.308,0
41.871,41.915,0.003068
42.758,42.762,0.0061359
43.891,43.998,0.0092039
45.478,45.597,0.012272
47.927,47.938,0.01534
50.788,50.849,0.018408
54.583,54.783,0.021476
59.761,59.766,0.024544
66.296,66.344,0.027612
74.936,74.987,0.03068
86.546,86.547,0.033748
102.39,102.44,0.036816
124.96,125.08,0.039884
158.62,158.62,0.042951
211.42,211.65,0.046019
302.91,302.67,0.049087
481.04,480.7,0.052155
908.81,908.56,0.055223
2454.8,2453.8,0.058291
22491,22478,0.061359
18504,18492,0.064427
2094.6,2092,0.067495
738.01,736.93,0.070563
366.74,366.23,0.073631
216.1,215.64,0.076699
140.78,140.67,0.079767
98.262,98.14,0.082835
71.985,71.919,0.085903
54.731,54.657,0.088971
42.943,42.782,0.092039
34.366,34.282,0.095107
28.055,28.009,0.098175
23.279,23.243,0.10124
19.622,19.507,0.10431
16.686,16.627,0.10738
14.324,14.298,0.11045
12.453,12.416,0.11351
10.873,10.861,0.11658
9.6151,9.5786,0.11965
8.5093,8.4973,0.12272
7.3405,7.3234,0.12579
6.8307,6.7917,0.12885
6.1467,6.1246,0.13192
5.5639,5.5488,0.13499
5.0754,5.0458,0.13806
4.6356,4.616,0.14113
4.2441,4.2217,0.14419
3.9178,3.8802,0.14726
3.6006,3.5901,0.15033
3.3317,3.3217,0.1534
3.0889,3.0776,0.15647
2.8701,2.8583,0.15953
2.6869,2.665,0.1626
2.501,2.5025,0.16567
2.3424,2.3301,0.16874
2.191,2.188,0.17181
2.0764,2.0619,0.17487
1.9464,1.9467,0.17794
1.8551,1.8347,0.18101
1.7651,1.7442,0.18408
1.7314,1.7033,0.18715
1.4806,1.474,0.19021
1.4524,1.4396,0.19328
1.3853,1.3772,0.19635
1.3272,1.3065,0.19942
1.2611,1.2517,0.20249
1.1972,1.1966,0.20555
1.149,1.1423,0.20862
1.1006,1.0918,0.21169
1.05,1.0437,0.21476
1.0034,0.99597,0.21783
0.96284,0.95969,0.22089
0.92438,0.92081,0.22396
0.89046,0.88517,0.22703
0.85824,0.85225,0.2301
0.82392,0.8177,0.23317
0.78949,0.78788,0.23623
0.75922,0.75459,0.2393
0.7273,0.72372,0.24237
0.70604,0.70211,0.24544
0.67328,0.67327,0.2485
0.75552,0.74785,0.25157
0.64489,0.63842,0.25464
0.62199,0.61451,0.25771
0.5951,0.59461,0.26078
0.58035,0.57642,0.26384
0.5622,0.55534,0.26691
0.54498,0.53659,0.26998
0.52535,0.52325,0.27305
0.50954,0.50548,0.27612
0.49541,0.4935,0.27918
0.48197,0.477,0.28225
0.46675,0.46079,0.28532
0.45308,0.44927,0.28839
0.44239,0.43712,0.29146
0.42811,0.4253,0.29452
0.41748,0.41396,0.29759
0.40557,0.39955,0.30066
0.39074,0.38954,0.30373
0.3817,0.3787,0.3068
0.36611,0.36516,0.30986
0.3301,0.32517,0.31293
0.38804,0.38389,0.316
0.36182,0.35567,0.31907
0.35023,0.34531,0.32214
0.34023,0.33602,0.3252
0.33216,0.32736,0.32827
0.32095,0.31955,0.33134
0.31538,0.31055,0.33441
0.30658,0.30436,0.33748
0.30054,0.29833,0.34054
0.29205,0.29002,0.34361
0.28626,0.2848,0.34668
0.281,0.27656,0.34975
0.27372,0.27148,0.35282
0.2703,0.26736,0.35588
0.26318,0.25918,0.35895
0.25761,0.25574,0.36202
0.25498,0.25119,0.36509
0.24669,0.24611,0.36816
0.24379,0.24008,0.37122
0.23944,0.23808,0.37429
0.20336,0.20647,0.37736
0.22558,0.22204,0.38043
0.22063,0.21954,0.3835
0.21815,0.21603,0.38656
0.21439,0.21314,0.38963
0.21043,0.20821,0.3927
0.20658,0.20428,0.39577
0.20554,0.20176,0.39884
0.2004,0.19778,0.4019
0.1956,0.19273,0.40497
0.19229,0.19099,0.40804
0.18996,0.18805,0.41111
0.1882,0.18481,0.41417
0.18296,0.18243,0.41724
0.17979,0.17688,0.42031
0.17732,0.17506,0.42338
0.1741,0.17176,0.42645
0.17133,0.16981,0.42951
0.17017,0.1676,0.43258
0.16832,0.16535,0.43565
0.17258,0.16988,0.43872
0.15664,0.15485,0.44179
0.15416,0.15362,0.44485
0.15596,0.15169,0.44792
0.15101,0.14876,0.45099
0.14797,0.14661,0.45406
0.14625,0.14468,0.45713
0.14493,0.14273,0.46019
0.14122,0.14314,0.46326
0.14055,0.13871,0.46633
0.14035,0.13746,0.4694
0.13715,0.13698,0.47247
0.13406,0.13279,0.47553
0.13323,0.13226,0.4786
0.13171,0.12969,0.48167
0.12819,0.1282,0.48474
0.12874,0.12689,0.48781
0.12531,0.12431,0.49087
0.1225,0.12166,0.49394
0.12375,0.12139,0.49701
0.11895,0.11892,0.50008
0.12183,0.11988,0.50315
0.11655,0.11718,0.50621
0.11462,0.11431,0.50928
0.11538,0.11308,0.51235
0.11335,0.11172,0.51542
0.112,0.11081,0.51849
0.11112,0.10804,0.52155
0.1092,0.10656,0.52462
0.10732,0.10558,0.52769
0.10491,0.10402,0.53076
0.10559,0.10352,0.53383
0.10404,0.10143,0.53689
0.1023,0.10194,0.53996
0.10027,0.099745,0.54303
0.098991,0.096587,0.5461
0.097369,0.097394,0.54917
0.096818,0.095599,0.55223
0.095023,0.094779,0.5553
0.095829,0.093933,0.55837
0.092808,0.092308,0.56144
0.09252,0.09077,0.5645
0.091225,0.090888,0.56757
0.090639,0.090316,0.57064
0.089987,0.088913,0.57371
0.088571,0.086444,0.57678
0.088496,0.087476,0.57984
0.085542,0.085954,0.58291
0.086336,0.084406,0.58598
0.084395,0.083242,0.58905
0.083761,0.081916,0.59212
0.082707,0.081428,0.59518
0.081249,0.080428,0.59825
0.081128,0.079166,0.60132
0.080022,0.080032,0.60439
0.079144,0.077359,0.60746
0.078448,0.07694,0.61052
0.076158,0.076062,0.61359
0.075832,0.075237,0.61666
0.0744,0.075176,0.61973
0.075475,0.074548,0.6228
0.073323,0.073579,0.62586
0.072087,0.071605,0.62893
0.071995,0.070562,0.632
0.071646,0.071059,0.63507
0.070568,0.069719,0.63814
0.070298,0.069981,0.6412
0.07055,0.068437,0.64427
0.068999,0.067924,0.64734
0.067972,0.068466,0.65041
0.06746,0.066289,0.65348
0.066499,0.066882,0.65654
0.066381,0.065117,0.65961
0.064723,0.064018,0.66268
0.065643,0.06481,0.66575
0.062499,0.064445,0.66882
0.064233,0.063043,0.67188
0.063691,0.062012,0.67495
0.062572,0.061998,0.67802
0.062002,0.06053,0.68109
0.061701,0.060777,0.68416
0.061122,0.060161,0.68722
0.059992,0.059869,0.69029
0.058895,0.058409,0.69336
0.058922,0.058423,0.69643
0.058713,0.05823,0.6995
0.058157,0.057661,0.70256
0.057148,0.056568,0.70563
0.057189,0.055957,0.7087
0.056043,0.056326,0.71177
0.056186,0.055731,0.71484
0.055146,0.054794,0.7179
0.055494,0.05472,0.72097
0.055205,0.053952,0.72404
0.054726,0.053072,0.72711
0.053314,0.052759,0.73017
0.052759,0.052445,0.73324
0.052545,0.052132,0.73631
0.051702,0.051955,0.73938
0.051279,0.050965,0.74245
0.050141,0.050285,0.74551
0.051628,0.051128,0.74858
0.05042,0.049638,0.75165
0.05017,0.049815,0.75472
0.049416,0.049447,0.75779
0.049308,0.04833,0.76085
0.048333,0.048496,0.76392
0.047991,0.047926,0.76699
0.047975,0.048094,0.77006
0.047189,0.046763,0.77313
0.046813,0.046293,0.77619
0.046019,0.046366,0.77926
0.046435,0.04632,0.78233
0.045613,0.044667,0.7854
0.045625,0.045424,0.78847
0.045507,0.044811,0.79153
0.045573,0.044379,0.7946
0.043624,0.043909,0.79767
0.044261,0.043156,0.80074
0.043943,0.043353,0.80381
0.043222,0.042821,0.80687
0.043377,0.04246,0.80994
0.042805,0.042973,0.81301
0.042049,0.040875,0.81608
0.042716,0.041548,0.81915
0.041844,0.04168,0.82221
0.041515,0.041624,0.82528
0.041224,0.040548,0.82835
0.04068,0.040825,0.83142
0.040343,0.040144,0.83449
0.040082,0.03982,0.83755
0.039787,0.039372,0.84062
0.039866,0.039433,0.84369
0.03872,0.038745,0.84676
0.039247,0.038746,0.84983
0.038751,0.03857,0.85289
0.03816,0.03803,0.85596
0.038084,0.037402,0.85903
0.037988,0.037761,0.8621
0.037929,0.036706,0.86517
0.037092,0.036818,0.86823
0.037099,0.036213,0.8713
0.037672,0.03641,0.87437
0.036238,0.036313,0.87744
0.036253,0.035726,0.8805
0.035171,0.036006,0.88357
0.035629,0.035833,0.88664
0.035219,0.035175,0.88971
0.035742,0.034784,0.89278
0.034738,0.03459,0.89584
0.034885,0.034994,0.89891
0.034517,0.034338,0.90198
0.034661,0.033585,0.90505
0.034044,0.033855,0.90812
0.034407,0.034392,0.91118
0.034005,0.032892,0.91425
0.033066,0.03227,0.91732
0.033395,0.032303,0.92039
0.032501,0.032545,0.92346
0.032629,0.032142,0.92652
0.031857,0.03197,0.92959
0.032667,0.031834,0.93266
0.03182,0.031927,0.93573
0.032138,0.031757,0.9388
0.032244,0.031168,0.94186
0.031616,0.031043,0.94493
0.031357,0.030744,0.948
0.03027,0.030683,0.95107
0.030707,0.03026,0.95414
0.030331,0.030701,0.9572
0.030168,0.029919,0.96027
0.029994,0.029244,0.96334
0.029718,0.029869,0.96641
0.029607,0.030368,0.96948
0.029908,0.029306,0.97254
0.029699,0.028728,0.97561
0.029492,0.028955,0.97868
0.02847,0.02844,0.98175
0.029145,0.028275,0.98482
0.028911,0.028136,0.98788
0.028764,0.029012,0.99095
0.0277,0.02773,0.99402
0.027737,0.027892,0.99709
0.027666,0.028021,1.0002
0.027545,0.02772,1.0032
0.027248,0.027677,1.0063
0.027454,0.026941,1.0094
0.027765,0.026889,1.0124
0.027292,0.026944,1.0155
0.026546,0.026422,1.0186
0.027451,0.026682,1.0216
0.026678,0.026228,1.0247
0.026256,0.025789,1.0278
0.026546,0.025679,1.0308
0.025769,0.024948,1.0339
0.026212,0.025818,1.037
0.025792,0.025813,1.04
0.02573,0.025577,1.0431
0.025421,0.024847,1.0462
0.025025,0.025405,1.0492
0.02569,0.02548,1.0523
0.025145,0.02503,1.0554
0.024885,0.02491,1.0584
0.024812,0.024386,1.0615
0.024535,0.024271,1.0646
0.024701,0.024393,1.0677
0.024497,0.023779,1.0707
0.024371,0.023655,1.0738
0.024579,0.02306,1.0769
0.024189,0.023591,1.0799
0.023338,0.023602,1.083
0.023753,0.023399,1.0861
0.023269,0.022935,1.0891
0.0232,0.023072,1.0922
0.022573,0.023314,1.0953
0.023322,0.022206,1.0983
0.022853,0.022863,1.1014
0.023395,0.023096,1.1045
0.023211,0.02227,1.1075
0.022593,0.021627,1.1106
0.022391,0.022636,1.1137
0.022378,0.022352,1.1167
0.022639,0.021232,1.1198
0.022223,0.022043,1.1229
0.022647,0.021835,1.1259
0.021842,0.021689,1.129
0.02107,0.021095,1.1321
0.021896,0.021646,1.1351
0.021295,0.020926,1.1382
0.020976,0.021108,1.1413
0.020507,0.020977,1.1443
0.020826,0.020307,1.1474
0.021148,0.02058,1.1505
0.020594,0.020371,1.1536
0.021087,0.020391,1.1566
0.021096,0.020568,1.1597
0.021114,0.020292,1.1628
0.020043,0.020188,1.1658
0.020972,0.0202,1.1689
0.020073,0.019533,1.172
0.019847,0.019623,1.175
0.020539,0.020238,1.1781
0.019992,0.02017,1.1812
0.019434,0.01996,1.1842
0.019766,0.019572,1.1873
0.019728,0.018995,1.1904
0.019968,0.019602,1.1934
0.019551,0.019599,1.1965
0.019585,0.019005,1.1996
0.019237,0.019099,1.2026
0.019029,0.019491,1.2057
0.019149,0.019367,1.2088
0.019491,0.018646,1.2118
0.018611,0.01844,1.2149
0.018497,0.018706,1.218
0.018447,0.018839,1.221
0.018826,0.017987,1.2241
0.018984,0.018681,1.2272
0.018561,0.018289,1.2303
0.018649,0.018275,1.2333
0.017742,0.018157,1.2364
0.01762,0.017873,1.2395
0.01834,0.017788,1.2425
0.017988,0.017953,1.2456
0.018113,0.017981,1.2487
0.017701,0.01759,1.2517
0.018037,0.017528,1.2548
0.01734,0.017714,1.2579
0.017412,0.01824,1.2609
0.017727,0.01714,1.264
0.017007,0.017264,1.2671
0.017279,0.017278,1.2701
0.017564,0.017256,1.2732
0.017006,0.017057,1.2763
0.01706,0.016866,1.2793
0.016919,0.0164,1.2824
0.016631,0.01614,1.2855
0.016768,0.016564,1.2885
0.016622,0.016803,1.2916
0.016963,0.016587,1.2947
0.016522,0.016108,1.2977
0.016976,0.016583,1.3008
0.016389,0.01643,1.3039
0.016092,0.016083,1.307
0.016495,0.016168,1.31
0.015827,0.016253,1.3131
0.016175,0.015866,1.3162
0.015938,0.015319,1.3192
0.016067,0.016203,1.3223
0.015962,0.01545,1.3254
0.015853,0.015556,1.3284
0.015664,0.016033,1.3315
0.015575,0.015778,1.3346
0.015677,0.015984,1.3376
0.015545,0.01545,1.3407
0.015554,0.01566,1.3438
0.015863,0.015034,1.3468
0.015295,0.015144,1.3499
0.015116,0.015299,1.353
0.015108,0.01489,1.356
0.015304,0.015493,1.3591
0.015072,0.014902,1.3622
0.014934,0.01426,1.3652
0.014842,0.014966,1.3683
0.014804,0.014885,1.3714
0.015173,0.014685,1.3744
0.014579,0.014477,1.3775
0.014558,0.014724,1.3806
0.014492,0.014324,1.3837
0.014295,0.01459,1.3867
0.014375,0.014534,1.3898
0.014749,0.014348,1.3929
0.014287,0.014058,1.3959
0.014652,0.014001,1.399
0.014044,0.014001,1.4021
0.01421,0.014002,1.4051
0.014393,0.014093,1.4082
0.014224,0.013902,1.4113
0.014158,0.013834,1.4143
0.013843,0.013898,1.4174
0.01397,0.014023,1.4205
0.013734,0.013794,1.4235
0.013634,0.013515,1.4266
0.013556,0.01382,1.4297
0.013618,0.013346,1.4327
0.01368,0.013931,1.4358
0.01376,0.013655,1.4389
0.013369,0.013174,1.4419
0.013382,0.013861,1.445
0.01327,0.012693,1.4481
0.0136,0.0132,1.4511
0.013681,0.013123,1.4542
0.012921,0.013124,1.4573
0.013549,0.013158,1.4603
0.012888,0.013013,1.4634
0.012717,0.013036,1.4665
0.012994,0.012908,1.4696
0.013187,0.012711,1.4726
0.012542,0.01291,1.4757
0.013188,0.012687,1.4788
0.01262,0.01224,1.4818
0.012649,0.012611,1.4849
0.012761,0.012966,1.488
0.012334,0.01233,1.491
0.012498,0.012468,1.4941
0.012687,0.012809,1.4972
0.012789,0.012595,1.5002
0.013072,0.011895,1.5033
0.012774,0.012069,1.5064
0.012323,0.012343,1.5094
0.012265,0.012518,1.5125
0.012067,0.011923,1.5156
0.011873,0.012361,1.5186
0.012183,0.011902,1.5217
0.012361,0.012338,1.5248
0.012003,0.011541,1.5278
0.012035,0.012217,1.5309
0.01225,0.011975,1.534
0.011861,0.011854,1.537
0.011336,0.01152,1.5401
0.011564,0.011544,1.5432
0.011743,0.011771,1.5463
0.011861,0.011792,1.5493
0.011655,0.011778,1.5524
0.011471,0.011634,1.5555
0.011731,0.011493,1.5585
0.011718,0.011162,1.5616
0.011893,0.011229,1.5647
0.011707,0.011815,1.5677
0.011564,0.011317,1.5708
0.011683,0.011056,1.5739
0.011322,0.011183,1.5769
0.01136,0.010877,1.58
0.011371,0.010935,1.5831
0.0114,0.010949,1.5861
0.011165,0.010941,1.5892
0.011079,0.011031,1.5923
0.011024,0.010929,1.5953
0.010723,0.010469,1.5984
0.011071,0.01114,1.6015
0.011308,0.010803,1.6045
0.010886,0.010905,1.6076
0.010822,0.01081,1.6107
0.011267,0.01072,1.6137
0.010845,0.011165,1.6168
0.011025,0.010755,1.6199
0.010139,0.010716,1.623
0.010977,0.010386,1.626
0.010734,0.010665,1.6291
0.010991,0.010654,1.6322
0.010294,0.010231,1.6352
0.010664,0.010118,1.6383
0.010226,0.010217,1.6414
0.010456,0.01042,1.6444
0.010123,0.010453,1.6475
0.010402,0.010067,1.6506
0.010044,0.010224,1.6536
0.010404,0.010202,1.6567
0.010608,0.010346,1.6598
0.010035,0.010166,1.6628
0.010359,0.0099729,1.6659
0.0099089,0.0099299,1.669
0.010506,0.009917,1.672
0.010172,0.0096975,1.6751
0.010269,0.0095599,1.6782
0.0099354,0.009783,1.6812
0.0096925,0.0097814,1.6843
0.010219,0.010166,1.6874
0.0099272,0.0099065,1.6904
0.0098044,0.0099917,1.6935
0.010073,0.010369,1.6966
0.010039,0.0099528,1.6997
0.0098766,0.0098232,1.7027
0.0099403,0.0095393,1.7058
0.0095591,0.0096408,1.7089
0.0096743,0.0095467,1.7119
0.0098088,0.0096593,1.715
0.0095603,0.0098582,1.7181
0.0093413,0.0094753,1.7211
0.0098507,0.0093636,1.7242
0.0099225,0.0093325,1.7273
0.0095524,0.0098601,1.7303
0.0098314,0.0096812,1.7334
0.009536,0.0091058,1.7365
0.0097434,0.0092568,1.7395
0.0095434,0.0092395,1.7426
0.0087161,0.0089456,1.7457
0.0092167,0.0093,1.7487
0.0091684,0.0092576,1.7518
0.0091977,0.0091356,1.7549
0.0094064,0.0089891,1.7579
0.0091182,0.0089275,1.761
0.0087957,0.0090435,1.7641
0.0089561,0.0088191,1.7671
0.0091373,0.009074,1.7702
0.0093044,0.0091646,1.7733
0.0089797,0.0088284,1.7763
0.0088805,0.0089441,1.7794
0.0090223,0.0087369,1.7825
0.0091066,0.0090936,1.7856
0.0084807,0.0085877,1.7886
0.0086706,0.0091013,1.7917
0.008794,0.0087606,1.7948
0.0090105,0.0089266,1.7978
0.0091282,0.0086428,1.8009
0.0088217,0.008807,1.804
0.0084808,0.0089473,1.807
0.0087182,0.008497,1.8101
0.0087354,0.0088937,1.8132
0.0086729,0.0088812,1.8162
0.0086388,0.0080007,1.8193
0.0089422,0.0082973,1.8224
0.0085335,0.0085729,1.8254
0.0088909,0.008639,1.8285
0.0082466,0.0086843,1.8316
0.0086819,0.008165,1.8346
0.0085171,0.0086178,1.8377
0.008563,0.0086517,1.8408
0.0084779,0.0080985,1.8438
0.008528,0.0081878,1.8469
0.0082968,0.0083931,1.85
0.0083505,0.0083158,1.853
0.008603,0.008141,1.8561
0.0080845,0.0083024,1.8592
0.0083117,0.0082744,1.8623
0.0083716,0.0079011,1.8653
0.0081616,0.0079304,1.8684
0.0083548,0.0080868,1.8715
0.0082772,0.007958,1.8745
0.0082947,0.0082054,1.8776
0.008404,0.0081614,1.8807
0.0083818,0.0080134,1.8837
0.0084127,0.0080227,1.8868
0.0080561,0.0080241,1.8899
0.0078017,0.0078473,1.8929
0.0080472,0.0078378,1.896
0.0079404,0.0079859,1.8991
0.008054,0.0082574,1.9021
0.0080017,0.008082,1.9052
0.0077831,0.008108,1.9083
0.0078432,0.0075284,1.9113
0.0076065,0.0079877,1.9144
0.0079694,0.0078316,1.9175
0.0076432,0.008048,1.9205
0.0078587,0.0075858,1.9236
0.0082545,0.0078553,1.9267
0.0077929,0.0078467,1.9297
0.0080236,0.0079044,1.9328
0.0072475,0.0074924,1.9359
0.0077783,0.0076948,1.939
0.0078514,0.0077915,1.942
0.0077248,0.007665,1.9451
0.007765,0.0072317,1.9482
0.0077182,0.0076659,1.9512
0.0073232,0.0077313,1.9543
0.0076,0.0074512,1.9574
0.0074638,0.0075306,1.9604
0.0074678,0.0076294,1.9635
0.0075367,0.0075841,1.9666
0.0077046,0.0077944,1.9696
0.0073869,0.0073758,1.9727
0.0075392,0.0076207,1.9758
0.0074504,0.0075198,1.9788
0.0071877,0.0073039,1.9819
0.0071258,0.0075447,1.985
0.0074079,0.0072102,1.988
0.0076173,0.0071677,1.9911
0.0073745,0.0072533,1.9942
0.006904,0.0073402,1.9972
0.0073102,0.0069594,2.0003
0.0072839,0.0070864,2.0034
0.0074822,0.0072213,2.0064
0.0071582,0.0069038,2.0095
0.0070643,0.007313,2.0126
0.0073291,0.0070322,2.0157
0.0076745,0.0066412,2.0187
0.0070631,0.0070618,2.0218
0.0067188,0.0071114,2.0249
0.0070761,0.0070147,2.0279
0.0074463,0.0070161,2.031
0.007039,0.0073015,2.0341
0.0071817,0.0067631,2.0371
0.0069372,0.0068101,2.0402
0.0067792,0.0069903,2.0433
0.0068851,0.0071162,2.0463
0.0068549,0.0067117,2.0494
0.0070025,0.0068684,2.0525
0.0071735,0.0067782,2.0555
0.0068461,0.0067436,2.0586
0.0069605,0.0066846,2.0617
0.0071469,0.0066889,2.0647
0.0067571,0.0066177,2.0678
0.0065503,0.006759,2.0709
0.0067099,0.006661,2.0739
0.0067824,0.0067253,2.077
0.0068056,0.0067774,2.0801
0.006747,0.0066829,2.0831
0.0070559,0.0067271,2.0862
0.00692,0.0063139,2.0893
0.0066859,0.006585,2.0923
0.0067117,0.0065567,2.0954
0.0065413,0.0068003,2.0985
0.00689,0.0063389,2.1016
0.006578,0.0066457,2.1046
0.0066647,0.0065893,2.1077
0.0063289,0.0064361,2.1108
0.0062701,0.0063765,2.1138
0.0065777,0.0062905,2.1169
0.0068122,0.0064328,2.12
0.0062577,0.0063471,2.123
0.0062802,0.0067152,2.1261
0.0062455,0.0060205,2.1292
0.0066904,0.0063759,2.1322
0.0065478,0.0063964,2.1353
0.0064398,0.0062344,2.1384
0.0062729,0.006333,2.1414
0.0065674,0.0064627,2.1445
0.0062179,0.006331,2.1476
0.0064605,0.006361,2.1506
0.0062269,0.0064602,2.1537
0.0063894,0.0061524,2.1568
0.0063175,0.0064353,2.1598
0.0062249,0.0064144,2.1629
0.0063999,0.006189,2.166
0.0062406,0.0063427,2.169
0.006416,0.0062866,2.1721
0.0062482,0.005996,2.1752
0.0061839,0.006261,2.1783
0.0063455,0.0064936,2.1813
0.0064184,0.0062445,2.1844
0.0059867,0.0061747,2.1875
0.0064008,0.0060803,2.1905
0.0060783,0.0059304,2.1936
0.0062296,0.0055653,2.1967
0.0060246,0.0060634,2.1997
0.0061089,0.0061193,2.2028
0.0063014,0.0062791,2.2059
0.0059314,0.0058613,2.2089
0.0062942,0.0057163,2.212
0.0062473,0.0056737,2.2151
0.0058438,0.0059754,2.2181
0.0057688,0.0061365,2.2212
0.006242,0.0059127,2.2243
0.0056253,0.0055434,2.2273
0.0058492,0.0059362,2.2304
0.0060853,0.0058246,2.2335
0.0058689,0.0057394,2.2365
0.005483,0.0057677,2.2396
0.0055392,0.0058866,2.2427
0.0060439,0.0057374,2.2457
0.0059513,0.0059492,2.2488
0.0058226,0.0060182,2.2519
0.0059794,0.0055703,2.255
0.0060045,0.0058439,2.258
0.0053896,0.0054446,2.2611
0.0060473,0.0059375,2.2642
0.0057439,0.0057114,2.2672
0.0055726,0.0054867,2.2703
0.0056217,0.0057926,2.2734
0.0057983,0.0053127,2.2764
0.0056024,0.0060182,2.2795
0.0055704,0.0057248,2.2826
0.0059731,0.0058625,2.2856
0.0056477,0.0057426,2.2887
0.0058483,0.0060187,2.2918
0.0057894,0.0056471,2.2948
0.0059195,0.0055178,2.2979
0.0053375,0.0057181,2.301
0.0055508,0.0055471,2.304
0.0058162,0.0055747,2.3071
0.0052338,0.0055545,2.3102
0.0053865,0.0056175,2.3132
0.0060123,0.0055472,2.3163
0.0054721,0.0057664,2.3194
0.0051638,0.0055185,2.3224
0.0054318,0.0054301,2.3255
0.0056701,0.0054894,2.3286
0.0055816,0.0053916,2.3317
0.0054162,0.0051037,2.3347
0.0055827,0.0051251,2.3378
0.0050758,0.0050545,2.3409
0.0051975,0.0054228,2.3439
0.0056295,0.0054927,2.347
0.0057093,0.00538,2.3501
0.005636,0.0054587,2.3531
0.0050534,0.0051996,2.3562
0.0052486,0.0052382,2.3593
0.005265,0.0051333,2.3623
0.0053224,0.0053366,2.3654
0.0050574,0.0052058,2.3685
0.0053883,0.0052114,2.3715
0.005501,0.0053872,2.3746
0.0054633,0.0053829,2.3777
0.0053768,0.0053301,2.3807
0.0051452,0.0052381,2.3838
0.0051306,0.0051877,2.3869
0.0052156,0.0049524,2.3899
0.0051959,0.0052548,2.393
0.0048905,0.0049789,2.3961
0.0051929,0.0051041,2.3991
0.0049404,0.0055023,2.4022
0.0051251,0.0051152,2.4053
0.005317,0.0050078,2.4083
0.0054421,0.0054779,2.4114
0.0049299,0.0055538,2.4145
0.0051841,0.0052314,2.4176
0.0054027,0.0051757,2.4206
0.0051578,0.0048775,2.4237
0.005185,0.0050584,2.4268
0.0052351,0.0053292,2.4298
0.0047668,0.0048293,2.4329
0.0049748,0.0049494,2.436
0.0050681,0.0051524,2.439
0.0051339,0.0053238,2.4421
0.0050602,0.0051625,2.4452
0.0052099,0.0047645,2.4482
0.0052748,0.0052551,2.4513
0.0054351,0.0050601,2.4544
0.0051262,0.0049169,2.4574
0.0052437,0.0052392,2.4605
0.0051438,0.0046876,2.4636
0.0050182,0.0047211,2.4666
0.0050937,0.0047355,2.4697
0.0047547,0.0050485,2.4728
0.0049152,0.0049832,2.4758
0.0048407,0.005234,2.4789
0.0052086,0.0051316,2.482
0.0046006,0.0048586,2.485
0.0049056,0.0047582,2.4881
0.0051602,0.0045484,2.4912
0.0052375,0.0049426,2.4943
0.0050459,0.0045565,2.4973
0.0050625,0.0047672,2.5004
0.0049944,0.0045642,2.5035
0.0048194,0.0047063,2.5065
0.0048822,0.0045711,2.5096
0.0053453,0.0049994,2.5127
0.005016,0.0049855,2.5157
0.0048931,0.0049318,2.5188
0.0051698,0.0050996,2.5219
0.0048564,0.0044862,2.5249
0.0049699,0.0046582,2.528
0.0049222,0.0045433,2.5311
0.0051151,0.0045556,2.5341
0.0046686,0.0045193,2.5372
0.0045835,0.0047511,2.5403
0.0045361,0.0044448,2.5433
0.0051612,0.0046023,2.5464
0.0049712,0.0047322,2.5495
0.0049728,0.004525,2.5525
0.0045996,0.0047241,2.5556
0.0048575,0.0049596,2.5587
0.0045995,0.0044728,2.5617
0.0052305,0.004759,2.5648
0.0047271,0.0045957,2.5679
0.0047442,0.0043877,2.571
0.0047517,0.0047056,2.574
0.0046579,0.0048618,2.5771
0.0046663,0.004542,2.5802
0.004807,0.0044434,2.5832
0.0045118,0.0043201,2.5863
0.0047671,0.004406,2.5894
0.0042791,0.0044823,2.5924
0.0043883,0.0043146,2.5955
0.0045653,0.0044217,2.5986
0.0044281,0.0045505,2.6016
0.0045004,0.0045529,2.6047
0.0046396,0.0043465,2.6078
0.0044036,0.0044405,2.6108
0.0047348,0.0045893,2.6139
0.0043386,0.0043031,2.617
0.0046241,0.0043351,2.62
0.0043424,0.0042365,2.6231
0.0047142,0.004684,2.6262
0.003978,0.0039586,2.6292
0.0045017,0.0040912,2.6323
0.0042389,0.0044536,2.6354
0.0044394,0.0042162,2.6384
0.0044959,0.0048274,2.6415
0.0044666,0.0044988,2.6446
0.0043255,0.0047561,2.6477
0.0045712,0.0043037,2.6507
0.0045248,0.0047545,2.6538
0.003989,0.0040793,2.6569
0.0044918,0.0045359,2.6599
0.0042324,0.0042419,2.663
0.0043576,0.0042168,2.6661
0.0042984,0.003697,2.6691
0.0045465,0.0042222,2.6722
0.0043647,0.0043375,2.6753
0.0042177,0.0043749,2.6783
0.0044962,0.004422,2.6814
0.0043344,0.0039322,2.6845
0.00421,0.0043539,2.6875
0.0046088,0.0044769,2.6906
0.0045432,0.0044405,2.6937
0.0041854,0.004136,2.6967
0.0046478,0.0044198,2.6998
0.0037422,0.0041436,2.7029
0.0041976,0.0039404,2.7059
0.0040903,0.0039407,2.709
0.0043637,0.0045167,2.7121
0.0041686,0.0043953,2.7151
0.0042565,0.0040508,2.7182
0.0042998,0.0041899,2.7213
0.0043378,0.0041286,2.7243
0.0041715,0.0041879,2.7274
0.0039652,0.0041051,2.7305
0.0041052,0.0041983,2.7336
0.00443,0.0042626,2.7366
0.0040547,0.0042206,2.7397
0.0041326,0.00416,2.7428
0.0038923,0.0039478,2.7458
0.0041129,0.0040854,2.7489
0.0042104,0.0041079,2.752
0.0041111,0.0040186,2.755
0.0042166,0.0041398,2.7581
0.0043485,0.0038856,2.7612
0.0038972,0.0038337,2.7642
0.0040594,0.0043042,2.7673
0.0039359,0.0040238,2.7704
0.0042636,0.0038208,2.7734
0.0039465,0.0040806,2.7765
0.0036016,0.0038516,2.7796
0.0044112,0.0039321,2.7826
0.00378,0.0042265,2.7857
0.0041363,0.0042945,2.7888
0.0039628,0.0038451,2.7918
0.0040491,0.0038515,2.7949
0.0044578,0.0037363,2.798
0.0039052,0.0040959,2.801
0.0038278,0.0038649,2.8041
0.0040263,0.0037727,2.8072
0.0041556,0.0037891,2.8103
0.0040348,0.0038681,2.8133
0.0042556,0.0038616,2.8164
0.0039133,0.0040428,2.8195
0.0041793,0.0038286,2.8225
0.0041908,0.0039699,2.8256
0.0039696,0.0039964,2.8287
0.0037756,0.0039279,2.8317
0.0038386,0.0036957,2.8348
0.0040668,0.0039653,2.8379
0.0039671,0.0036868,2.8409
0.003906,0.0036087,2.844
0.0041906,0.0040253,2.8471
0.0036913,0.0037785,2.8501
0.0040415,0.0038807,2.8532
0.0038941,0.0041886,2.8563
0.0038235,0.0036963,2.8593
0.0039187,0.0037581,2.8624
0.0039343,0.0041524,2.8655
0.0040619,0.0035981,2.8685
0.0041197,0.0033582,2.8716
0.0039465,0.0040193,2.8747
0.0038147,0.0038338,2.8777
0.0037464,0.0041454,2.8808
0.003685,0.0038556,2.8839
0.0036465,0.0039725,2.887
0.0040386,0.0035886,2.89
0.0036849,0.0040593,2.8931
0.0037132,0.0040092,2.8962
0.0044449,0.0037055,2.8992
0.0036586,0.0039741,2.9023
0.0035793,0.0035895,2.9054
0.0037957,0.0038544,2.9084
0.0036538,0.0038147,2.9115
0.0038591,0.0036861,2.9146
0.0034657,0.0035932,2.9176
0.0039302,0.0039469,2.9207
0.0038544,0.0036777,2.9238
0.003966,0.0040567,2.9268
0.0038702,0.0033198,2.9299
0.0037691,0.0034986,2.933
0.0036289,0.0035092,2.936
0.0038319,0.0037849,2.9391
0.0039393,0.0038733,2.9422
0.003524,0.0035593,2.9452
0.0035896,0.0034862,2.9483
0.0038672,0.0037972,2.9514
0.0036721,0.0032813,2.9544
0.0035238,0.0034188,2.9575
0.0034835,0.003819,2.9606
0.0036135,0.0036764,2.9637
0.0035072,0.003411,2.9667
0.0034584,0.0035068,2.9698
0.0035882,0.0035751,2.9729
0.0037031,0.0040327,2.9759
0.0034476,0.0035263,2.979
0.0036886,0.0034775,2.9821
0.0038149,0.003333,2.9851
0.003739,0.0037612,2.9882
0.0035059,0.0035443,2.9913
0.0036599,0.003564,2.9943
0.0035359,0.0034406,2.9974
0.0033766,0.0040566,3.0005
0.0038174,0.0034164,3.0035
0.0036759,0.0032441,3.0066
0.0035628,0.0034205,3.0097
0.0035782,0.0036602,3.0127
0.003613,0.00359,3.0158
0.0034734,0.0035716,3.0189
0.0034153,0.0035945,3.0219
0.0034986,0.0034346,3.025
0.0035851,0.003327,3.0281
0.0033942,0.0035004,3.0311
0.0036745,0.0032588,3.0342
0.0037006,0.003236,3.0373
0.0034111,0.0032397,3.0403
0.0034224,0.0034537,3.0434
0.0037228,0.0037847,3.0465
0.0032302,0.0034222,3.0496
0.0033492,0.0034839,3.0526
0.0034919,0.0035465,3.0557
0.0034705,0.0031349,3.0588
0.0032406,0.0033894,3.0618
0.0033596,0.003345,3.0649
0.0037736,0.0033631,3.068
0.0034293,0.0036236,3.071
0.0034072,0.0035384,3.0741
0.0033235,0.0037081,3.0772
0.0030569,0.0031467,3.0802
0.0036001,0.0032773,3.0833
0.0034306,0.0031691,3.0864
0.0033412,0.0034587,3.0894
0.0034158,0.0034237,3.0925
0.003256,0.0034958,3.0956
0.0033191,0.0031367,3.0986
0.0034135,0.0037675,3.1017
0.0033953,0.0032228,3.1048
0.0032498,0.0035512,3.1078
0.0033562,0.0032897,3.1109
0.0035359,0.0033176,3.114
0.003569,0.0034512,3.117
0.0033645,0.0031964,3.1201
0.0033002,0.0033376,3.1232
0.0035124,0.003207,3.1263
0.0033935,0.0034549,3.1293
0.0034459,0.0033232,3.1324
0.0031117,0.0033561,3.1355
0.0032537,0.0032653,3.1385
0.0035932,0.0034922,3.1416
0.0037389,0.0034528,3.1447
0.003581,0.0033825,3.1477
0.0032996,0.0031893,3.1508
0.0033442,0.0033789,3.1539
0.0033441,0.0035153,3.1569
0.0032346,0.003029,3.16
0.0033723,0.003302,3.1631
0.0033909,0.003119,3.1661
0.002817,0.0031485,3.1692
0.0031755,0.0031727,3.1723
0.0034937,0.0030855,3.1753
0.0031709,0.0032745,3.1784
0.0033236,0.0033313,3.1815
0.0031701,0.0032634,3.1845
0.0032904,0.0031451,3.1876
0.0031668,0.0032309,3.1907
0.0032142,0.0032297,3.1937
0.0031609,0.0030837,3.1968
0.0031587,0.0031535,3.1999
0.0031202,0.0029104,3.203
0.0031694,0.002936,3.206
0.0034349,0.0030761,3.2091
0.003513,0.003204,3.2122
0.0031282,0.0027863,3.2152
0.0030278,0.0031915,3.2183
0.0030743,0.0031564,3.2214
0.0031975,0.0033254,3.2244
0.0031028,0.0032772,3.2275
0.0033972,0.0030153,3.2306
0.0029462,0.003147,3.2336
0.0032071,0.0031526,3.2367
0.0031574,0.0031378,3.2398
0.0033218,0.0034777,3.2428
0.0034258,0.0028721,3.2459
0.0031881,0.0032904,3.249
0.0031562,0.0030817,3.252
0.0029678,0.0028805,3.2551
0.0031853,0.0032078,3.2582
0.0031023,0.002973,3.2612
0.0029688,0.0031761,3.2643
0.0030036,0.0030858,3.2674
0.0030763,0.0028997,3.2704
0.0033207,0.003054,3.2735
0.0029241,0.0029309,3.2766
0.0032064,0.0032569,3.2797
0.0031501,0.0028636,3.2827
0.0029801,0.003208,3.2858
0.0032363,0.0027608,3.2889
0.0029717,0.0030645,3.2919
0.0031203,0.0029562,3.295
0.0033637,0.0030842,3.2981
0.0030929,0.0030232,3.3011
0.0031776,0.0031377,3.3042
0.0030237,0.0028261,3.3073
0.0031337,0.0031401,3.3103
0.003102,0.0030354,3.3134
0.0031752,0.0030869,3.3165
0.0030788,0.0031138,3.3195
0.0032724,0.0028386,3.3226
0.0028357,0.0031013,3.3257
0.0031085,0.0029543,3.3287
0.0029708,0.0027645,3.3318
0.0030556,0.0029417,3.3349
0.0029721,0.0031009,3.3379
0.0030939,0.002797,3.341
0.0033739,0.0030327,3.3441
0.0032177,0.00307,3.3471
0.0028486,0.0025749,3.3502
0.0029022,0.0030384,3.3533
0.0029097,0.0028941,3.3563
0.0031971,0.0030455,3.3594
0.0030732,0.0027771,3.3625
0.0030656,0.003345,3.3656
0.0028737,0.0030063,3.3686
0.0030062,0.003096,3.3717
0.0032818,0.0031659,3.3748
0.0027717,0.0029867,3.3778
0.0027971,0.0030464,3.3809
0.0031472,0.0028308,3.384
0.0030083,0.0027379,3.387
0.0032195,0.00252,3.3901
0.0028977,0.0030422,3.3932
0.003015,0.0028665,3.3962
0.0029049,0.0032391,3.3993
0.0030794,0.002954,3.4024
0.0027455,0.0031604,3.4054
0.0028651,0.0028361,3.4085
0.0030727,0.003034,3.4116
0.0030015,0.0029699,3.4146
0.0030761,0.0028503,3.4177
0.0029277,0.0031143,3.4208
0.0029241,0.0026449,3.4238
0.0027368,0.0029991,3.4269
0.0029107,0.0024397,3.43
0.0029014,0.0029179,3.433
0.0028706,0.0030657,3.4361
0.0029211,0.0028736,3.4392
0.0028811,0.0030271,3.4423
0.0028795,0.0028281,3.4453
0.0027982,0.0027128,3.4484
0.0028123,0.0028213,3.4515
0.0031113,0.0029404,3.4545
0.0030274,0.0029771,3.4576
0.0028018,0.002423,3.4607
0.0027749,0.0027051,3.4637
0.0026855,0.0028849,3.4668
0.0028021,0.0025318,3.4699
0.0028915,0.0029233,3.4729
0.0028039,0.002808,3.476
0.002808,0.0024449,3.4791
0.0028004,0.0028155,3.4821
0.0029069,0.0027326,3.4852
0.0028543,0.0023524,3.4883
0.002845,0.0026768,3.4913
0.0028516,0.0025335,3.4944
0.0028143,0.0026697,3.4975
0.0028947,0.0025409,3.5005
0.0026648,0.0027223,3.5036
0.0028188,0.0029048,3.5067
0.0027767,0.0026428,3.5097
0.0025716,0.0031418,3.5128
0.0030162,0.0025448,3.5159
0.0026162,0.0028351,3.519
0.0031804,0.002227,3.522
0.0027335,0.0030205,3.5251
0.0029228,0.0031518,3.5282
0.0025394,0.0028733,3.5312
0.0028626,0.0024319,3.5343
0.0029563,0.0025824,3.5374
0.0027642,0.002314,3.5404
0.002832,0.0027098,3.5435
0.0026982,0.0026458,3.5466
0.0028053,0.002421,3.5496
0.0026582,0.0028195,3.5527
0.0029133,0.0026788,3.5558
0.0027845,0.0026627,3.5588
0.0027827,0.002608,3.5619
0.0026396,0.0027632,3.565
0.0028226,0.0028027,3.568
0.0027087,0.002837,3.5711
0.0026389,0.0027486,3.5742
0.0026215,0.0027472,3.5772
0.0027345,0.002553,3.5803
0.0030415,0.0027133,3.5834
0.0026121,0.0031501,3.5864
0.0028863,0.0026436,3.5895
0.002645,0.0024901,3.5926
0.0026386,0.0026168,3.5957
0.002883,0.003055,3.5987
0.0027006,0.0028227,3.6018
0.0026571,0.0024231,3.6049
0.0026801,0.0027447,3.6079
0.0027539,0.0028407,3.611
0.0026976,0.0025316,3.6141
0.0026709,0.0026278,3.6171
0.0028175,0.002499,3.6202
0.0025193,0.0027945,3.6233
0.0026314,0.0026975,3.6263
0.0025378,0.0027344,3.6294
0.002641,0.0025194,3.6325
0.0027657,0.0026937,3.6355
0.0026878,0.0025184,3.6386
0.0024784,0.002697,3.6417
0.0025081,0.0024675,3.6447
0.0024725,0.0026069,3.6478
0.0024617,0.0025855,3.6509
0.0028078,0.002697,3.6539
0.0028162,0.0025945,3.657
0.0024958,0.0026221,3.6601
0.0026216,0.0029631,3.6631
0.0027395,0.0025711,3.6662
0.0027883,0.0025556,3.6693
0.0025989,0.0025907,3.6724
0.00272,0.0024581,3.6754
0.0026402,0.0024958,3.6785
0.0025784,0.0025811,3.6816
0.0024953,0.0023728,3.6846
0.0024543,0.0028378,3.6877
0.0027033,0.0027505,3.6908
0.0023715,0.0023939,3.6938
0.0025317,0.0024816,3.6969
0.0024978,0.0026241,3.7
0.0024647,0.0025089,3.703
0.0026916,0.0027156,3.7061
0.0026333,0.0027416,3.7092
0.0026185,0.0028587,3.7122
0.002603,0.002534,3.7153
0.0025649,0.0025579,3.7184
0.0029353,0.0024422,3.7214
0.0025979,0.002529,3.7245
0.0027265,0.0024337,3.7276
0.0025573,0.0025475,3.7306
0.0024918,0.0024431,3.7337
0.0026532,0.0025918,3.7368
0.0026418,0.0025435,3.7398
0.0025891,0.0024125,3.7429
0.0026952,0.0025013,3.746
0.0024121,0.0026876,3.749
0.0027427,0.0027195,3.7521
0.002659,0.0024674,3.7552
0.0024327,0.002575,3.7583
0.0025738,0.0025963,3.7613
0.0024485,0.0025017,3.7644
0.0024398,0.002428,3.7675
0.0025243,0.0024809,3.7705
0.0024254,0.0027499,3.7736
0.0024865,0.0024925,3.7767
0.0025853,0.0025074,3.7797
0.0025434,0.002381,3.7828
0.0027258,0.0026755,3.7859
0.002542,0.0023817,3.7889
0.0024441,0.0025655,3.792
0.0026706,0.0026516,3.7951
0.0025067,0.0025196,3.7981
0.0022785,0.002823,3.8012
0.0024878,0.0024969,3.8043
0.0024467,0.0024061,3.8073
0.002456,0.0026173,3.8104
0.0024952,0.0022333,3.8135
0.0025713,0.0025599,3.8165
0.00246,0.0023415,3.8196
0.0024504,0.0024149,3.8227
0.0023423,0.0025356,3.8257
0.0025501,0.0025803,3.8288
0.002466,0.0027943,3.8319
0.0024579,0.002329,3.835
0.0026017,0.0024543,3.838
0.0024299,0.0023627,3.8411
0.0024066,0.0024673,3.8442
0.0024468,0.0024296,3.8472
0.0023337,0.0023606,3.8503
0.0025428,0.002672,3.8534
0.0024225,0.0022967,3.8564
0.0025215,0.0023792,3.8595
0.0024858,0.0021623,3.8626
0.0025763,0.0024219,3.8656
0.0024527,0.0023692,3.8687
0.0023187,0.0022847,3.8718
0.0023922,0.002454,3.8748
0.0025692,0.002469,3.8779
0.0024365,0.0026033,3.881
0.0023716,0.0024858,3.884
0.002267,0.0022124,3.8871
0.0024949,0.0022816,3.8902
0.0024761,0.002468,3.8932
0.00247,0.0023723,3.8963
0.0026105,0.0025163,3.8994
0.0023978,0.0023849,3.9024
0.0023488,0.0021358,3.9055
0.0024955,0.0020873,3.9086
0.0024224,0.0023336,3.9117
0.002402,0.0021178,3.9147
0.0023842,0.0023925,3.9178
0.0024492,0.0021387,3.9209
0.0023251,0.0024755,3.9239
0.0023331,0.002526,3.927
0.0024714,0.0023816,3.9301
0.0024476,0.0022906,3.9331
0.0022575,0.0023162,3.9362
0.0023766,0.0023984,3.9393
0.0025212,0.0024397,3.9423
0.0024882,0.0022649,3.9454
0.002422,0.0024466,3.9485
0.0022878,0.0022997,3.9515
0.0023861,0.0025641,3.9546
0.002468,0.0021631,3.9577
0.0023635,0.0023449,3.9607
0.0024825,0.0023628,3.9638
0.0022979,0.0022906,3.9669
0.0024426,0.0023128,3.9699
0.0024144,0.0021508,3.973
0.0024139,0.0021368,3.9761
0.0024867,0.0022134,3.9791
0.0025119,0.0023042,3.9822
0.0022683,0.0021991,3.9853
0.0022871,0.0023276,3.9884
0.002231,0.0025431,3.9914
0.0022098,0.0024584,3.9945
0.0022411,0.0025945,3.9976
0.002327,0.0025174,4.0006
0.0027346,0.0025664,4.0037
0.0022568,0.0021781,4.0068
0.0020852,0.0022346,4.0098
0.002228,0.002062,4.0129
0.0021569,0.0022862,4.016
0.0023306,0.0024635,4.019
0.0022832,0.002395,4.0221
0.0023178,0.0024893,4.0252
0.002363,0.0021929,4.0282
0.0022683,0.0022293,4.0313
0.0024227,0.0022037,4.0344
0.0023915,0.0023234,4.0374
0.0023804,0.0024694,4.0405
0.0023204,0.0020912,4.0436
0.0022805,0.0022906,4.0466
0.0022756,0.0022912,4.0497
0.0022546,0.0020596,4.0528
0.0023914,0.0023812,4.0558
0.002472,0.0024056,4.0589
0.0022602,0.0023157,4.062
0.0023213,0.0022603,4.065
0.00238,0.0022066,4.0681
0.0024168,0.0024604,4.0712
0.0023253,0.0023431,4.0743
0.0023678,0.0023283,4.0773
0.0023731,0.0021892,4.0804
0.0022983,0.002396,4.0835
0.0023047,0.0023655,4.0865
0.0023145,0.0022355,4.0896
0.0021948,0.0022836,4.0927
0.0023571,0.0022322,4.0957
0.0022419,0.0022436,4.0988
0.0024371,0.0021384,4.1019
0.002318,0.002332,4.1049
0.0020718,0.002189,4.108
0.002146,0.002147,4.1111
0.0021878,0.0023738,4.1141
0.0022337,0.0023002,4.1172
0.0023646,0.0022479,4.1203
0.0021921,0.0023261,4.1233
0.0020153,0.0021647,4.1264
0.0020035,0.0021769,4.1295
0.0022756,0.0021378,4.1325
0.0023534,0.0022717,4.1356
0.0024002,0.0022295,4.1387
0.0022262,0.0021877,4.1417
0.0022033,0.0022727,4.1448
0.0023594,0.0022505,4.1479
0.0022066,0.0022939,4.151
0.0024069,0.0023291,4.154
0.0022766,0.0023023,4.1571
0.0022383,0.0023208,4.1602
0.0022163,0.0020623,4.1632
0.0023078,0.0021985,4.1663
0.0023017,0.0022242,4.1694
0.0021453,0.0020859,4.1724
0.0020888,0.002086,4.1755
0.00222,0.0023323,4.1786
0.0022147,0.0021636,4.1816
0.0019913,0.0021311,4.1847
0.0021921,0.0022858,4.1878
0.0022068,0.0022228,4.1908
0.0023159,0.0023207,4.1939
0.0021764,0.0021554,4.197
0.0020838,0.002088,4.2
0.0022094,0.0021933,4.2031
0.0022348,0.0020563,4.2062
0.0021753,0.0020592,4.2092
0.0021144,0.0021547,4.2123
0.0023203,0.0023064,4.2154
0.0022415,0.0022201,4.2184
0.0020534,0.00211,4.2215
0.002083,0.0021138,4.2246
0.0022658,0.0022689,4.2277
0.002268,0.0021271,4.2307
0.0022543,0.0020812,4.2338
0.0022045,0.0021334,4.2369
0.0023504,0.0022388,4.2399
0.0020958,0.0021465,4.243
0.0021308,0.0021723,4.2461
0.0021504,0.0022692,4.2491
0.0021122,0.0020339,4.2522
0.0022034,0.00208,4.2553
0.0022458,0.0022951,4.2583
0.0021617,0.0023454,4.2614
0.0020075,0.0021393,4.2645
0.0020964,0.0020574,4.2675
0.0021765,0.0020885,4.2706
0.0021463,0.0022015,4.2737
0.0021654,0.0022622,4.2767
0.0021105,0.0022135,4.2798
0.0021503,0.0020664,4.2829
0.0022836,0.0021362,4.2859
0.0020625,0.0022123,4.289
0.0021172,0.0023941,4.2921
0.0021203,0.0019947,4.2951
0.0020685,0.0021978,4.2982
0.0021734,0.0020393,4.3013
0.0021303,0.0020898,4.3044
0.0021634,0.0021764,4.3074
0.0021346,0.0021976,4.3105
0.0020714,0.0022598,4.3136
0.0020012,0.0020738,4.3166
0.0020488,0.0021507,4.3197
0.0020753,0.0020241,4.3228
0.002178,0.0020863,4.3258
0.0022174,0.0021225,4.3289
0.002208,0.0021429,4.332
0.0021019,0.0020208,4.335
0.0020564,0.0022431,4.3381
0.0020406,0.0021352,4.3412
0.0020658,0.0021873,4.3442
0.0021087,0.0021383,4.3473
0.002199,0.0020784,4.3504
0.0021211,0.0021877,4.3534
0.0020463,0.0021448,4.3565
0.0021796,0.0020324,4.3596
0.0022982,0.0020318,4.3626
0.0022207,0.0021347,4.3657
0.0021212,0.0020469,4.3688
0.0019066,0.0019085,4.3718
0.0022358,0.0020835,4.3749
0.0021133,0.0023419,4.378
0.0021673,0.0020824,4.381
0.0020612,0.0020399,4.3841
0.0022293,0.0020854,4.3872
0.0020707,0.002169,4.3903
0.0020988,0.0020694,4.3933
0.0020957,0.0024429,4.3964
0.0020147,0.0019015,4.3995
0.0021724,0.0019481,4.4025
0.0020466,0.0020274,4.4056
0.0021377,0.0019844,4.4087
0.0021197,0.0020138,4.4117
0.0020967,0.0023445,4.4148
0.0022348,0.0020957,4.4179
0.0020843,0.0019701,4.4209
0.0019562,0.0021748,4.424
0.0019049,0.0019745,4.4271
0.0019772,0.0021144,4.4301
0.0022134,0.002037,4.4332
0.0022246,0.0019709,4.4363
0.0021306,0.0021384,4.4393
0.0020954,0.0019593,4.4424
0.0020474,0.001995,4.4455
0.0022819,0.0019944,4.4485
0.001962,0.0020492,4.4516
0.0020991,0.0021048,4.4547
0.0020309,0.0021287,4.4577
0.0020019,0.0021738,4.4608
0.0018854,0.0020886,4.4639
0.0020498,0.0022217,4.467
0.0020019,0.0021651,4.47
0.0019768,0.0019866,4.4731
0.0020266,0.0021144,4.4762
0.0020259,0.0020139,4.4792
0.0022404,0.0021001,4.4823
0.0022382,0.0020135,4.4854
0.0020876,0.0021379,4.4884
0.0020024,0.0020242,4.4915
0.0021284,0.002106,4.4946
0.0019787,0.0019139,4.4976
0.0020042,0.0018922,4.5007
0.0019742,0.0020386,4.5038
0.0020345,0.0020277,4.5068
0.0020402,0.0020047,4.5099
0.0018764,0.0019699,4.513
0.0020052,0.0020494,4.516
0.0018784,0.0020896,4.5191
0.0021404,0.0019977,4.5222
0.0020742,0.002096,4.5252
0.0021057,0.0019902,4.5283
0.0020811,0.002301,4.5314
0.0020911,0.0019529,4.5344
0.0019114,0.0020526,4.5375
0.0019027,0.0020144,4.5406
0.0019813,0.0019049,4.5437
0.0018801,0.0021122,4.5467
0.0019055,0.0020232,4.5498
0.0020103,0.0020253,4.5529
0.0019189,0.0020904,4.5559
0.0019675,0.0019547,4.559
0.0019341,0.0020212,4.5621
0.0020399,0.0019163,4.5651
0.0019404,0.0020007,4.5682
0.0019921,0.0020503,4.5713
0.0021108,0.0018446,4.5743
0.0019994,0.0019492,4.5774
0.0019413,0.0019636,4.5805
0.0020111,0.001941,4.5835
0.0019027,0.00199,4.5866
0.0019199,0.0019228,4.5897
0.0019354,0.0019179,4.5927
0.0020335,0.0019302,4.5958
0.0020423,0.00191,4.5989
0.0020865,0.0019417,4.6019
0.0020364,0.0019226,4.605
0.0020746,0.0020555,4.6081
0.0019977,0.0018187,4.6111
0.0019922,0.0021682,4.6142
0.0018899,0.0019043,4.6173
0.0019971,0.0019942,4.6204
0.0020017,0.0020202,4.6234
0.0019366,0.0019805,4.6265
0.0019817,0.0019295,4.6296
0.0020194,0.0020088,4.6326
0.0019518,0.0020767,4.6357
0.0019092,0.0019658,4.6388
0.0019828,0.0018844,4.6418
0.0019802,0.0018745,4.6449
0.0019334,0.0018243,4.648
0.0018949,0.0020819,4.651
0.0020875,0.0019495,4.6541
0.0019853,0.0019168,4.6572
0.0020493,0.0019438,4.6602
0.0019766,0.0018987,4.6633
0.0019654,0.0018109,4.6664
0.0019637,0.0021434,4.6694
0.001968,0.0018888,4.6725
0.0020697,0.0018866,4.6756
0.0018826,0.0019142,4.6786
0.0019417,0.0019978,4.6817
0.0019684,0.0018398,4.6848
0.0018763,0.0020002,4.6878
0.0020164,0.0018656,4.6909
0.0018455,0.001829,4.694
0.0019059,0.0018413,4.697
0.0021013,0.0020626,4.7001
0.0018817,0.0020363,4.7032
0.0019102,0.0019959,4.7063
0.0019225,0.0018832,4.7093
0.0020031,0.0019158,4.7124
0.002152,0.0019862,4.7155
0.0020769,0.0018141,4.7185
0.0020943,0.0020036,4.7216
0.0019296,0.0018099,4.7247
0.0021749,0.0018865,4.7277
0.0019733,0.0019735,4.7308
0.0019879,0.0020357,4.7339
0.0018199,0.0018665,4.7369
0.0019457,0.0020315,4.74
0.0019718,0.0018632,4.7431
0.0019082,0.0017424,4.7461
0.0018681,0.0019143,4.7492
0.0019633,0.0019995,4.7523
0.0018982,0.0019855,4.7553
0.0019729,0.0016967,4.7584
0.0018116,0.0018619,4.7615
0.0021096,0.0019773,4.7645
0.0019944,0.0017946,4.7676
0.0020514,0.0020296,4.7707
0.0019093,0.0018761,4.7737
0.0019266,0.0018301,4.7768
0.0020862,0.0019695,4.7799
0.0020996,0.0019267,4.783
0.0020082,0.0018639,4.786
0.0019515,0.0019393,4.7891
0.0019742,0.0020405,4.7922
0.0018646,0.0018483,4.7952
0.0020198,0.0019324,4.7983
0.0019003,0.0019813,4.8014
0.0018136,0.0018824,4.8044
0.0018244,0.0020871,4.8075
0.0018739,0.0018383,4.8106
0.0020159,0.0018327,4.8136
0.0018818,0.0019626,4.8167
0.001897,0.0019479,4.8198
0.001917,0.0018656,4.8228
0.001989,0.0018293,4.8259
0.0019726,0.0018912,4.829
0.0018777,0.0019318,4.832
0.0019318,0.0019014,4.8351
0.0019409,0.0019394,4.8382
0.0016854,0.001794,4.8412
0.0017184,0.0017716,4.8443
0.0018449,0.0019214,4.8474
0.0019262,0.0019769,4.8504
0.0018268,0.0019493,4.8535
0.0018307,0.0019294,4.8566
0.001853,0.0017191,4.8597
0.0019417,0.0018288,4.8627
0.0019685,0.0018065,4.8658
0.0018258,0.0018719,4.8689
0.0018943,0.0018656,4.8719
0.0018157,0.0018923,4.875
0.0017561,0.0019069,4.8781
0.0018475,0.0018735,4.8811
0.0018501,0.0017861,4.8842
0.0020441,0.0018645,4.8873
0.0019102,0.0019349,4.8903
0.0019204,0.0018561,4.8934
0.0017939,0.0019502,4.8965
0.0019696,0.001818,4.8995
0.0018473,0.0019776,4.9026
0.0018317,0.0018032,4.9057
0.0019926,0.0018729,4.9087
0.001809,0.0018187,4.9118
0.0020129,0.0019226,4.9149
0.0019722,0.0017899,4.9179
0.0019188,0.0019296,4.921
0.0018179,0.0017952,4.9241
0.00181,0.0018364,4.9271
0.0018832,0.0019219,4.9302
0.0017513,0.0018671,4.9333
0.0018545,0.0016799,4.9364
0.0020182,0.0018227,4.9394
0.0019331,0.0018673,4.9425
0.0019515,0.0018558,4.9456
0.0018761,0.0017102,4.9486
0.0018647,0.0017633,4.9517
0.0018704,0.0018667,4.9548
0.0018218,0.001841,4.9578
0.0018488,0.0020528,4.9609
0.001708,0.0016322,4.964
0.0018692,0.0019238,4.967
0.0019135,0.0016803,4.9701
0.0017501,0.0018178,4.9732
0.0017587,0.0018834,4.9762
0.00186,0.0017923,4.9793
0.0018985,0.0017074,4.9824
0.001905,0.0015957,4.9854
0.0016925,0.001882,4.9885
0.0018028,0.0017826,4.9916
0.0017347,0.0020274,4.9946
0.0019275,0.001629,4.9977
0.0018862,0.0017557,5.0008
0.0018105,0.0019285,5.0038
0.0019944,0.0019106,5.0069
0.0018022,0.0018812,5.01
0.0018037,0.0017189,5.013
0.0017879,0.0018453,5.0161
0.001878,0.0018108,5.0192
0.0018327,0.0018315,5.0223
0.0017719,0.0019265,5.0253
0.0019835,0.0017235,5.0284
0.0018008,0.0018404,5.0315
0.0017377,0.0017861,5.0345
0.0018237,0.0018426,5.0376
0.0018845,0.0018498,5.0407
0.0017906,0.0018244,5.0437
0.0018926,0.0017863,5.0468
0.0018127,0.0017045,5.0499
0.0018762,0.0018265,5.0529
0.0018732,0.0017345,5.056
0.0018053,0.0017397,5.0591
0.0017305,0.001754,5.0621
0.0018131,0.0019302,5.0652
0.0018721,0.0018618,5.0683
0.0017719,0.0018414,5.0713
0.0017498,0.0017255,5.0744
0.0017187,0.0016761,5.0775
0.0018598,0.0017611,5.0805
0.0017336,0.0018368,5.0836
0.0017934,0.0017664,5.0867
0.0018788,0.0017454,5.0897
0.0019252,0.0016607,5.0928
0.0016274,0.0017182,5.0959
0.001765,0.0017672,5.099
0.0018133,0.0017483,5.102
0.0019623,0.0017638,5.1051
0.0018689,0.0017009,5.1082
0.0019704,0.0017339,5.1112
0.0018417,0.0017897,5.1143
0.0017947,0.00196,5.1174
0.0018084,0.0018267,5.1204
0.0017544,0.0019632,5.1235
0.0017813,0.0016646,5.1266
0.0017628,0.0019311,5.1296
0.0017391,0.0019186,5.1327
0.0017995,0.0017628,5.1358
0.0018557,0.0017046,5.1388
0.0018275,0.0018013,5.1419
0.0017381,0.0018422,5.145
0.0018269,0.0017669,5.148
0.0017632,0.0017828,5.1511
0.0017401,0.0018289,5.1542
0.0018354,0.001817,5.1572
0.0019052,0.0018602,5.1603
0.001745,0.001704,5.1634
0.001681,0.0018015,5.1664
0.0017267,0.0018113,5.1695
0.0018776,0.0017812,5.1726
0.0018982,0.0016983,5.1757
0.0018663,0.0018899,5.1787
0.00177,0.0016696,5.1818
0.0017758,0.0019733,5.1849
0.0016886,0.0017076,5.1879
0.0019119,0.0016885,5.191
0.0019213,0.001809,5.1941
0.0018094,0.001716,5.1971
0.0017624,0.0018403,5.2002
0.0017133,0.0017361,5.2033
0.0016372,0.0016766,5.2063
0.0017744,0.0017314,5.2094
0.0018407,0.0016792,5.2125
0.001829,0.0016284,5.2155
0.0017627,0.0018424,5.2186
0.0017678,0.0018778,5.2217
0.0018398,0.0017183,5.2247
0.0017451,0.0017625,5.2278
0.0017202,0.0016618,5.2309
0.0017623,0.0016322,5.2339
0.0017663,0.0018981,5.237
0.0018684,0.0018055,5.2401
0.0018311,0.0018792,5.2431
0.0017017,0.0017299,5.2462
0.0017617,0.0016446,5.2493
0.0017068,0.0018138,5.2524
0.0017665,0.0017045,5.2554
0.0018387,0.0016654,5.2585
0.0018974,0.0017254,5.2616
0.0016892,0.0018718,5.2646
0.0017228,0.0019168,5.2677
0.0017014,0.0017351,5.2708
0.001735,0.0017962,5.2738
0.0018145,0.0017454,5.2769
0.001666,0.0016973,5.28
0.0019533,0.00175,5.283
0.0017038,0.0017389,5.2861
0.0017975,0.0016684,5.2892
0.0016813,0.0017899,5.2922
0.0017531,0.0017502,5.2953
0.0017182,0.0016887,5.2984
0.0016939,0.0016564,5.3014
0.0017187,0.0016894,5.3045
0.0017749,0.0016374,5.3076
0.0019054,0.0016377,5.3106
0.0018718,0.0016855,5.3137
0.0017154,0.0016497,5.3168
0.0017429,0.0017688,5.3198
0.0018488,0.0016511,5.3229
0.001742,0.0017676,5.326
0.0018052,0.0018257,5.329
0.0017604,0.0016742,5.3321
0.0018109,0.0016265,5.3352
0.0018003,0.0017994,5.3383
0.0017276,0.0016083,5.3413
0.001731,0.0018102,5.3444
0.0016408,0.0016771,5.3475
0.0017316,0.0017476,5.3505
0.0017606,0.0016487,5.3536
0.0017651,0.0017532,5.3567
0.0017371,0.0018248,5.3597
0.0018047,0.00171,5.3628
0.0017914,0.0016611,5.3659
0.0019843,0.0016775,5.3689
0.0017684,0.0017246,5.372
0.0017886,0.0016405,5.3751
0.0015868,0.0018005,5.3781
0.0016743,0.0017508,5.3812
0.001691,0.0017852,5.3843
0.0017814,0.0019185,5.3873
0.0017879,0.0017383,5.3904
0.0019444,0.0017267,5.3935
0.0016902,0.0016012,5.3965
0.001682,0.0017692,5.3996
0.0017763,0.0017462,5.4027
0.0017223,0.0018951,5.4057
0.0016519,0.0018741,5.4088
0.0018751,0.0016414,5.4119
0.0017285,0.0017092,5.415
0.0018046,0.0017383,5.418
0.0017546,0.001823,5.4211
0.0017522,0.0015292,5.4242
0.001753,0.0016414,5.4272
0.0017301,0.0016538,5.4303
0.0016838,0.0018034,5.4334
0.0016861,0.0016696,5.4364
0.0016433,0.0017323,5.4395
0.0016263,0.0015827,5.4426
0.0017586,0.0017122,5.4456
0.0017396,0.0017724,5.4487
0.0017592,0.0019332,5.4518
0.0017572,0.001689,5.4548
0.00175,0.0016282,5.4579
0.0019161,0.0016727,5.461
0.0017099,0.0017215,5.464
0.0015956,0.0017823,5.4671
0.0016526,0.0017955,5.4702
0.0017535,0.001742,5.4732
0.0018197,0.0017315,5.4763
0.0016042,0.0017432,5.4794
0.0015929,0.0017256,5.4824
0.0016884,0.0016788,5.4855
0.0014832,0.0016775,5.4886
0.0017247,0.0016964,5.4917
0.0016531,0.0017157,5.4947
0.0016536,0.0016606,5.4978
0.0016479,0.0017363,5.5009
0.0017988,0.0016983,5.5039
0.0016868,0.0016935,5.507
0.0017878,0.0017355,5.5101
0.0016403,0.0017767,5.5131
0.0017538,0.0016516,5.5162
0.0016995,0.0017758,5.5193
0.0016072,0.0016931,5.5223
0.001697,0.0017078,5.5254
0.0017361,0.0016745,5.5285
0.0017317,0.0018076,5.5315
0.0018541,0.0017978,5.5346
0.0017973,0.0017661,5.5377
0.0017384,0.0017254,5.5407
0.0016457,0.0016079,5.5438
0.001745,0.0016227,5.5469
0.0016522,0.0015985,5.5499
0.001793,0.0017499,5.553
0.00177,0.0018075,5.5561
0.0017038,0.0016713,5.5591
0.0017139,0.0018292,5.5622
0.0017143,0.0017637,5.5653
0.001731,0.0016382,5.5684
0.0016793,0.0017746,5.5714
0.0018064,0.0015314,5.5745
0.0015823,0.0017817,5.5776
0.0017846,0.0017386,5.5806
0.0018334,0.0017644,5.5837
0.0016538,0.001692,5.5868
0.0018356,0.0016525,5.5898
0.001744,0.0015506,5.5929
0.0019617,0.0017063,5.596
0.0017066,0.0016363,5.599
0.001728,0.0016861,5.6021
0.0017011,0.0018586,5.6052
0.0016861,0.0017285,5.6082
0.0016628,0.0017294,5.6113
0.0017133,0.0016081,5.6144
0.0017492,0.0016567,5.6174
0.0018055,0.0017071,5.6205
0.0015592,0.0017386,5.6236
0.0017206,0.0018857,5.6266
0.0017204,0.0014796,5.6297
0.0015868,0.0017941,5.6328
0.0016458,0.0016107,5.6358
0.0015444,0.0017045,5.6389
0.0016437,0.0018715,5.642
0.0017177,0.0017949,5.645
0.0017634,0.0015998,5.6481
0.0016301,0.0017927,5.6512
0.0017428,0.0017356,5.6543
0.0017396,0.0016665,5.6573
0.0017538,0.001688,5.6604
0.001633,0.0015892,5.6635
0.0017633,0.0016375,5.6665
0.001621,0.00163,5.6696
0.001643,0.0015806,5.6727
0.0017843,0.0016114,5.6757
0.0017355,0.0015851,5.6788
0.0017589,0.0016786,5.6819
0.001638,0.001553,5.6849
0.0016561,0.0016888,5.688
0.0016357,0.0015134,5.6911
0.001918,0.001773,5.6941
0.0018418,0.0017634,5.6972
0.0017848,0.0017963,5.7003
0.0016173,0.0016853,5.7033
0.0017845,0.001685,5.7064
0.0016522,0.0016363,5.7095
0.0016864,0.001756,5.7125
0.0018178,0.0016293,5.7156
0.0017767,0.0015826,5.7187
0.0014469,0.0016469,5.7217
0.0017623,0.0017055,5.7248
0.0016818,0.0017859,5.7279
0.001754,0.001752,5.731
0.0016187,0.0017087,5.734
0.0017708,0.0016488,5.7371
0.0016924,0.0016144,5.7402
0.0018542,0.0017118,5.7432
0.0017763,0.0017056,5.7463
0.0016803,0.0016841,5.7494
0.001615,0.0015714,5.7524
0.001719,0.0017103,5.7555
0.0018205,0.0014889,5.7586
0.0017946,0.0016123,5.7616
0.0017539,0.0017831,5.7647
0.0017194,0.0018049,5.7678
0.0016407,0.0017109,5.7708
0.0015122,0.0016394,5.7739
0.0016775,0.0015574,5.777
0.0015861,0.0016218,5.78
0.001763,0.0018592,5.7831
0.0016351,0.0016333,5.7862
0.0016661,0.0017225,5.7892
0.0015867,0.001578,5.7923
0.0016457,0.0017287,5.7954
0.0017469,0.0016724,5.7984
0.0016719,0.0016583,5.8015
0.0016644,0.0019114,5.8046
0.0017737,0.0015652,5.8077
0.0015598,0.0018028,5.8107
0.0016863,0.0018047,5.8138
0.0015549,0.0017544,5.8169
0.0016592,0.0015605,5.8199
0.0017809,0.0016816,5.823
0.0017456,0.0017576,5.8261
0.0019016,0.0017362,5.8291
0.0015592,0.0016366,5.8322
0.0018352,0.0017708,5.8353
0.0017068,0.001522,5.8383
0.0016046,0.0016417,5.8414
0.001653,0.0016552,5.8445
0.0017845,0.0015946,5.8475
0.0017155,0.0016935,5.8506
0.0016259,0.001652,5.8537
0.0016558,0.0015252,5.8567
0.0015983,0.0016465,5.8598
0.0016288,0.0017071,5.8629
0.001539,0.001698,5.8659
0.0016806,0.0017141,5.869
0.0015989,0.0017394,5.8721
0.0016735,0.0015957,5.8751
0.0015597,0.0016391,5.8782
0.0017426,0.0017285,5.8813
0.0016851,0.0015025,5.8844
0.001692,0.0016269,5.8874
0.001724,0.0015398,5.8905
0.0017776,0.0015945,5.8936
0.0016322,0.0017196,5.8966
0.0017425,0.0016768,5.8997
0.00168,0.0017289,5.9028
0.0016011,0.0013085,5.9058
0.0015237,0.0017312,5.9089
0.001662,0.0016091,5.912
0.0016412,0.0015256,5.915
0.0017201,0.0016755,5.9181
0.0017221,0.0018403,5.9212
0.0016549,0.0017537,5.9242
0.0015767,0.0016246,5.9273
0.0015938,0.0017025,5.9304
0.0016959,0.0015364,5.9334
0.0016721,0.001626,5.9365
0.0016184,0.0017518,5.9396
0.0017198,0.0016353,5.9426
0.0015029,0.0016666,5.9457
0.0018066,0.001582,5.9488
0.0016389,0.0016368,5.9518
0.0015638,0.0017667,5.9549
0.0016274,0.0016953,5.958
0.0016025,0.0015879,5.961
0.0016663,0.0016777,5.9641
0.0016797,0.0015675,5.9672
0.0015729,0.0017267,5.9703
0.001601,0.0017009,5.9733
0.0018223,0.0016869,5.9764
0.0016725,0.0016609,5.9795
0.0015874,0.0015266,5.9825
0.0015465,0.0016181,5.9856
0.001771,0.0014441,5.9887
0.0016052,0.0017382,5.9917
0.0018054,0.0016925,5.9948
0.0015961,0.0015993,5.9979
0.0015638,0.0016945,6.0009
0.0018331,0.0016099,6.004
0.0016923,0.0017812,6.0071
0.0014892,0.0015799,6.0101
0.0016758,0.0017714,6.0132
0.0017029,0.0015709,6.0163
0.0016393,0.0016438,6.0193
0.0015914,0.0016117,6.0224
0.001675,0.0017993,6.0255
0.0017124,0.0015993,6.0285
0.0016636,0.0018078,6.0316
0.0016342,0.0015471,6.0347
0.0017413,0.0016137,6.0377
0.0015894,0.0016094,6.0408
0.0015622,0.0016424,6.0439
0.0016651,0.001684,6.047
0.0016073,0.0015155,6.05
0.0016505,0.001678,6.0531
0.0017255,0.00152,6.0562
0.0015373,0.0016809,6.0592
0.0017117,0.0017354,6.0623
0.0017679,0.0017288,6.0654
0.0016037,0.0017375,6.0684
0.0016397,0.0015666,6.0715
0.0017263,0.0017342,6.0746
0.0016307,0.0016611,6.0776
0.0016109,0.0016703,6.0807
0.001732,0.0015784,6.0838
0.001612,0.0016283,6.0868
0.0016417,0.0015289,6.0899
0.0014953,0.0015506,6.093
0.0016271,0.0018249,6.096
0.0016856,0.0017111,6.0991
0.0017233,0.0017668,6.1022
0.00171,0.0017179,6.1052
0.0015763,0.0016812,6.1083
0.0015126,0.0017059,6.1114
0.0017922,0.0016672,6.1144
0.0016315,0.0016041,6.1175
0.0014994,0.0017384,6.1206
0.0017029,0.0017338,6.1237
0.001675,0.0016605,6.1267
0.0015843,0.0016637,6.1298
0.0016797,0.0015561,6.1329
0.0015948,0.0014783,6.1359
0.00167,0.0015696,6.139
0.001685,0.0015482,6.1421
0.0017939,0.0016277,6.1451
0.001734,0.0016684,6.1482
0.0018122,0.0016147,6.1513
0.001731,0.0016973,6.1543
0.0015003,0.0016166,6.1574
0.0016375,0.0015913,6.1605
0.0016624,0.0016948,6.1635
0.0014991,0.0016368,6.1666
0.0016774,0.0016456,6.1697
0.0017789,0.0016898,6.1727
0.0015444,0.0016311,6.1758
0.0017011,0.0018053,6.1789
0.0015741,0.0017088,6.1819
0.0016638,0.0015851,6.185
0.0017837,0.0016611,6.1881
0.0016191,0.0015838,6.1911
0.0015339,0.0016402,6.1942
0.0018144,0.0018006,6.1973
0.0015227,0.0017314,6.2004
0.001616,0.0016617,6.2034
0.0017681,0.0017516,6.2065
0.0016882,0.0014783,6.2096
0.0015587,0.0015083,6.2126
0.0016171,0.0017711,6.2157
0.0015365,0.0017093,6.2188
0.0016486,0.0015069,6.2218
0.0015988,0.0016932,6.2249
0.0016528,0.0016947,6.228
0.0016736,0.0017342,6.231
0.0016645,0.0015623,6.2341
0.0016627,0.0015414,6.2372
0.0017201,0.0017615,6.2402
0.0017606,0.0016812,6.2433
0.0017305,0.0016347,6.2464
0.0015689,0.0016691,6.2494
0.001711,0.0018207,6.2525
0.0017397,0.0016816,6.2556
0.001575,0.0016402,6.2586
0.0016639,0.0015768,6.2617
0.0016943,0.0016914,6.2648
0.0014971,0.0015251,6.2678
0.0017414,0.0015796,6.2709
0.0017897,0.0016786,6.274
0.0016422,0.0015102,6.277
0.0016076,0.001598,6.2801
0.0019993,0.0016445,6.2832
