P,f
30.787,0
30.791,0.00048804
-48.268,0.00097609
-25.624,0.0014641
-19.575,0.0019522
-23.353,0.0024402
-41.674,0.0029283
-45.656,0.0034163
-61.94,0.0039043
-46.853,0.0043924
-41.384,0.0048804
-46.034,0.0053685
-48.88,0.0058565
-46.512,0.0063446
-38.862,0.0068326
-41.458,0.0073206
-43.509,0.0078087
-40.52,0.0082967
-37.194,0.0087848
-43.857,0.0092728
-37.682,0.0097609
-35.49,0.010249
-41.138,0.010737
-46.214,0.011225
-45.907,0.011713
-41.445,0.012201
-37.381,0.012689
-42.194,0.013177
-41.01,0.013665
-36.881,0.014153
-42.249,0.014641
-45.315,0.015129
-49.644,0.015617
-45.075,0.016105
-55.466,0.016593
-54.099,0.017082
-40.021,0.01757
-37.86,0.018058
-39.751,0.018546
-45.831,0.019034
-43.396,0.019522
-50.056,0.02001
-43.593,0.020498
-46.426,0.020986
-42.912,0.021474
-37.503,0.021962
-40.325,0.02245
-45.67,0.022938
-50.359,0.023426
-44.139,0.023914
-40.978,0.024402
-39.851,0.02489
-44.397,0.025378
-41.167,0.025866
-40.944,0.026354
-47.621,0.026842
-38.92,0.02733
-36.269,0.027818
-43.156,0.028306
-39.264,0.028795
-34.987,0.029283
-44.968,0.029771
-31.656,0.030259
-32.709,0.030747
-33.561,0.031235
-30.8,0.031723
-29.458,0.032211
-26.555,0.032699
-26.108,0.033187
-23.115,0.033675
-22.489,0.034163
-18.717,0.034651
-17.469,0.035139
-14.204,0.035627
-10.679,0.036115
-7.8728,0.036603
-3.3609,0.037091
1.5722,0.037579
7.5474,0.038067
15.749,0.038555
28.315,0.039043
59.525,0.039531
64.522,0.04002
57.444,0.040508
25.659,0.040996
14.096,0.041484
6.3115,0.041972
0.34807,0.04246
-4.4741,0.042948
-8.3524,0.043436
-12.111,0.043924
-15.105,0.044412
-17.75,0.0449
-20.542,0.045388
-22.563,0.045876
-25.331,0.046364
-25.794,0.046852
-28.766,0.04734
-30.16,0.047828
-33.186,0.048316
-31.121,0.048804
-38.879,0.049292
-31.677,0.04978
-39.846,0.050268
-40.089,0.050756
-35.999,0.051245
-46.11,0.051733
-39.428,0.052221
-43.781,0.052709
-47.964,0.053197
-35.286,0.053685
-44.177,0.054173
-57.363,0.054661
-43.884,0.055149
-39.617,0.055637
-56.289,0.056125
-42.101,0.056613
-52.922,0.057101
-43.745,0.057589
-45.524,0.058077
-39.532,0.058565
-44.688,0.059053
-44.187,0.059541
-63.81,0.060029
-48.679,0.060517
-51.215,0.061005
-42.907,0.061493
-41.912,0.061981
-45.81,0.062469
-42.279,0.062958
-51.456,0.063446
-49.591,0.063934
-46.058,0.064422
-46.207,0.06491
-46.851,0.065398
-42.163,0.065886
-47.154,0.066374
-50.956,0.066862
-58.557,0.06735
-50.547,0.067838
-48.21,0.068326
-57.531,0.068814
-52.576,0.069302
-46.832,0.06979
-51.554,0.070278
-46.65,0.070766
-46.52,0.071254
-52.074,0.071742
-49.906,0.07223
-42.673,0.072718
-42.816,0.073206
-47.493,0.073694
-42.827,0.074183
-36.344,0.074671
-41.067,0.075159
-49.503,0.075647
-49.786,0.076135
-45.073,0.076623
-53.615,0.077111
-54.825,0.077599
-50.564,0.078087
-51.034,0.078575
-37.041,0.079063
-12.698,0.079551
-8.6669,0.080039
-16.765,0.080527
-43.331,0.081015
-64.763,0.081503
-57.355,0.081991
-49.122,0.082479
-46.233,0.082967
-43.285,0.083455
-40.73,0.083943
-46.975,0.084431
-47.909,0.084919
-47.875,0.085408
-50.357,0.085896
-53.91,0.086384
-47.269,0.086872
-47.256,0.08736
-54.369,0.087848
-49.245,0.088336
-57.479,0.088824
-49.86,0.089312
-61.284,0.0898
-47.036,0.090288
-43.484,0.090776
-50.632,0.091264
-44.037,0.091752
-44.318,0.09224
-41.972,0.092728
-46.091,0.093216
-44.172,0.093704
-44.591,0.094192
-51.276,0.09468
-62.095,0.095168
-47.268,0.095656
-46.565,0.096144
-46.579,0.096633
-46.998,0.097121
-49.36,0.097609
-52.809,0.098097
-52.553,0.098585
-46.705,0.099073
-49.718,0.099561
-55.615,0.10005
-55.397,0.10054
-47.419,0.10102
-47.061,0.10151
-51.54,0.102
-46.564,0.10249
-52.688,0.10298
-49.201,0.10347
-47.871,0.10395
-58.621,0.10444
-55.867,0.10493
-50.713,0.10542
-45.315,0.10591
-47.464,0.10639
-59.414,0.10688
-58.651,0.10737
-68.647,0.10786
-49.622,0.10835
-49.308,0.10883
-52.84,0.10932
-44.041,0.10981
-46.051,0.1103
-54.896,0.11079
-46.484,0.11127
-49.872,0.11176
-47.249,0.11225
-44.903,0.11274
-51.366,0.11323
-47.953,0.11371
-49.069,0.1142
-55.112,0.11469
-55.698,0.11518
-48.043,0.11567
-56.357,0.11615
-53.021,0.11664
-51.331,0.11713
-48.802,0.11762
-48.428,0.11811
-48.176,0.11859
-32.827,0.11908
-11.508,0.11957
-8.4235,0.12006
-17.839,0.12055
-40.66,0.12103
-49.09,0.12152
-50.602,0.12201
-52.702,0.1225
-47.532,0.12299
-48.354,0.12347
-53.493,0.12396
-43.426,0.12445
-48.314,0.12494
-48.26,0.12543
-48.419,0.12592
-45.648,0.1264
-51.964,0.12689
-43.727,0.12738
-43.903,0.12787
-77.499,0.12836
-47.533,0.12884
-51.001,0.12933
-46.331,0.12982
-41.767,0.13031
-48.768,0.1308
-55.762,0.13128
-54.378,0.13177
-57.58,0.13226
-52.893,0.13275
-48.543,0.13324
-46.778,0.13372
-49.157,0.13421
-47.319,0.1347
-45.871,0.13519
-50.135,0.13568
-51.756,0.13616
-52.887,0.13665
-50.576,0.13714
-53.404,0.13763
-51.309,0.13812
-47.647,0.1386
-51.163,0.13909
-59.403,0.13958
-58.447,0.14007
-45.322,0.14056
-44.561,0.14104
-50.674,0.14153
-45.997,0.14202
-51.285,0.14251
-46.814,0.143
-47.761,0.14348
-44.222,0.14397
-44.737,0.14446
-47.619,0.14495
-46.191,0.14544
-49.564,0.14592
-55.261,0.14641
-51.063,0.1469
-56.091,0.14739
-48.001,0.14788
-47.821,0.14837
-48.513,0.14885
-44.937,0.14934
-54.162,0.14983
-55.574,0.15032
-46.338,0.15081
-48.132,0.15129
-57.638,0.15178
-51.488,0.15227
-55.417,0.15276
-47.903,0.15325
-44.173,0.15373
-48.14,0.15422
-57.984,0.15471
-44.312,0.1552
-43.157,0.15569
-48.907,0.15617
-51.111,0.15666
-52.763,0.15715
-44.81,0.15764
-49.314,0.15813
-38.635,0.15861
-29.353,0.1591
-9.8383,0.15959
-7.6736,0.16008
-18.416,0.16057
-37.959,0.16105
-45.7,0.16154
-65.797,0.16203
-50.266,0.16252
-52.153,0.16301
-47.706,0.16349
-51.298,0.16398
-48.041,0.16447
-47.025,0.16496
-47.748,0.16545
-45.046,0.16593
-58.083,0.16642
-49.814,0.16691
-53.144,0.1674
-62.43,0.16789
-52.016,0.16837
-50.529,0.16886
-50.694,0.16935
-47.879,0.16984
-47.016,0.17033
-51.654,0.17082
-53.228,0.1713
-53.157,0.17179
-50.093,0.17228
-54.802,0.17277
-52.348,0.17326
-47.831,0.17374
-59.771,0.17423
-57.948,0.17472
-60.313,0.17521
-62.306,0.1757
-60.212,0.17618
-52.998,0.17667
-50.608,0.17716
-51.366,0.17765
-49.684,0.17814
-51.75,0.17862
-46.911,0.17911
-44.963,0.1796
-46.526,0.18009
-52.092,0.18058
-47.718,0.18106
-51.987,0.18155
-56.526,0.18204
-60.037,0.18253
-50.958,0.18302
-59.845,0.1835
-47.429,0.18399
-46.625,0.18448
-55.008,0.18497
-44.509,0.18546
-49.055,0.18594
-52.315,0.18643
-51.739,0.18692
-59.987,0.18741
-65.034,0.1879
-51.235,0.18838
-46.13,0.18887
-47.809,0.18936
-51.862,0.18985
-53.849,0.19034
-52.474,0.19082
-48.935,0.19131
-51.095,0.1918
-53.488,0.19229
-47.026,0.19278
-43.861,0.19327
-45.362,0.19375
-47.989,0.19424
-48.845,0.19473
-42.654,0.19522
-44.53,0.19571
-46.987,0.19619
-44.629,0.19668
-44.257,0.19717
-48.018,0.19766
-47.296,0.19815
-43.028,0.19863
-27.485,0.19912
-11.091,0.19961
-9.91,0.2001
-22.066,0.20059
-41.896,0.20107
-46.299,0.20156
-44.806,0.20205
-45.848,0.20254
-55.327,0.20303
-48.473,0.20351
-50.759,0.204
-49.89,0.20449
-49.087,0.20498
-51.106,0.20547
-67.101,0.20595
-46.364,0.20644
-43.399,0.20693
-46.678,0.20742
-51.069,0.20791
-49.369,0.20839
-45.873,0.20888
-45.563,0.20937
-50.158,0.20986
-54.258,0.21035
-46.757,0.21083
-44.394,0.21132
-61.462,0.21181
-51.77,0.2123
-61.154,0.21279
-60.014,0.21327
-53.588,0.21376
-50.406,0.21425
-54.534,0.21474
-51.019,0.21523
-43.71,0.21571
-48.699,0.2162
-47.154,0.21669
-45.385,0.21718
-49.453,0.21767
-51.746,0.21816
-48.423,0.21864
-46.924,0.21913
-53.442,0.21962
-50.425,0.22011
-70.146,0.2206
-49.412,0.22108
-52.476,0.22157
-63.488,0.22206
-52.106,0.22255
-47.133,0.22304
-48.766,0.22352
-46.7,0.22401
-51.374,0.2245
-52.624,0.22499
-48.597,0.22548
-55.193,0.22596
-55.629,0.22645
-55.443,0.22694
-56.8,0.22743
-52.93,0.22792
-49.703,0.2284
-48.939,0.22889
-49.512,0.22938
-50.525,0.22987
-52.757,0.23036
-52.608,0.23084
-46.133,0.23133
-44.022,0.23182
-50.84,0.23231
-48.974,0.2328
-53.699,0.23328
-51.264,0.23377
-47.299,0.23426
-44.739,0.23475
-45.118,0.23524
-47.073,0.23572
-47.169,0.23621
-59.281,0.2367
-45.034,0.23719
-45.874,0.23768
-51.378,0.23816
-47.245,0.23865
-28.641,0.23914
-14.25,0.23963
-13.976,0.24012
-27.687,0.24061
-42.686,0.24109
-46.463,0.24158
-48.75,0.24207
-52.479,0.24256
-71.813,0.24305
-53.055,0.24353
-47.674,0.24402
-50.97,0.24451
-53.737,0.245
-47.668,0.24549
-50.982,0.24597
-64.412,0.24646
-51.218,0.24695
-53.621,0.24744
-59.015,0.24793
-61.63,0.24841
-46.61,0.2489
-46.218,0.24939
-53.997,0.24988
-49.385,0.25037
-47.905,0.25085
-49.434,0.25134
-60.43,0.25183
-53.883,0.25232
-61.468,0.25281
-48.962,0.25329
-52.706,0.25378
-52.908,0.25427
-67.079,0.25476
-51.439,0.25525
-53.775,0.25573
-53.173,0.25622
-56.226,0.25671
-52.133,0.2572
-53.771,0.25769
-50.29,0.25817
-47.686,0.25866
-49.505,0.25915
-49.799,0.25964
-57.823,0.26013
-68.937,0.26061
-57.96,0.2611
-51.874,0.26159
-51.739,0.26208
-48.282,0.26257
-51.902,0.26306
-53.042,0.26354
-47.9,0.26403
-51.309,0.26452
-56.904,0.26501
-48.541,0.2655
-48.598,0.26598
-49.492,0.26647
-50.78,0.26696
-57.084,0.26745
-44.724,0.26794
-45.023,0.26842
-49.967,0.26891
-47.497,0.2694
-53.533,0.26989
-41.947,0.27038
-45.677,0.27086
-69.822,0.27135
-51.389,0.27184
-46.712,0.27233
-52.652,0.27282
-46.854,0.2733
-42.002,0.27379
-47.911,0.27428
-54.378,0.27477
-63.812,0.27526
-50.02,0.27574
-46.47,0.27623
-50.154,0.27672
-47.448,0.27721
-49.381,0.2777
-50.981,0.27818
-43.646,0.27867
-32.102,0.27916
-18.89,0.27965
-19.644,0.28014
-35.43,0.28062
-51.386,0.28111
-45.592,0.2816
-46.511,0.28209
-54.829,0.28258
-53.482,0.28306
-44.548,0.28355
-47.063,0.28404
-42.904,0.28453
-46.309,0.28502
-60.887,0.28551
-62.68,0.28599
-53.604,0.28648
-53.362,0.28697
-52.992,0.28746
-52.09,0.28795
-55.861,0.28843
-55.346,0.28892
-65.255,0.28941
-57.193,0.2899
-84.425,0.29039
-54.565,0.29087
-59.117,0.29136
-53.659,0.29185
-46.142,0.29234
-46.342,0.29283
-46.845,0.29331
-46.977,0.2938
-49.246,0.29429
-54.319,0.29478
-49.232,0.29527
-57.517,0.29575
-45.951,0.29624
-45.731,0.29673
-47.279,0.29722
-58.209,0.29771
-52.664,0.29819
-49.515,0.29868
-55.077,0.29917
-52.485,0.29966
-47.234,0.30015
-46.585,0.30063
-52.448,0.30112
-52.028,0.30161
-45.55,0.3021
-50.87,0.30259
-47.252,0.30307
-48.047,0.30356
-63.225,0.30405
-50.99,0.30454
-52.768,0.30503
-51.075,0.30551
-50.049,0.306
-54.077,0.30649
-64.071,0.30698
-52.246,0.30747
-45.575,0.30796
-48.839,0.30844
-52.169,0.30893
-48.941,0.30942
-47.152,0.30991
-55.732,0.3104
-68.167,0.31088
-57.328,0.31137
-51.747,0.31186
-48.417,0.31235
-56.165,0.31284
-53.026,0.31332
-43.625,0.31381
-44.736,0.3143
-50.641,0.31479
-54.732,0.31528
-71.978,0.31576
-62.561,0.31625
-53.621,0.31674
-51.356,0.31723
-46.925,0.31772
-63.935,0.3182
-45.273,0.31869
-39.726,0.31918
-28.186,0.31967
-30.218,0.32016
-71.589,0.32064
-47.141,0.32113
-51.589,0.32162
-49.145,0.32211
-48.925,0.3226
-49.872,0.32308
-45.837,0.32357
-49.027,0.32406
-54.225,0.32455
-78.654,0.32504
-51.829,0.32552
-49.116,0.32601
-50.456,0.3265
-61.887,0.32699
-48.84,0.32748
-47.673,0.32796
-58.586,0.32845
-52.317,0.32894
-59.064,0.32943
-60.193,0.32992
-52.627,0.33041
-52.004,0.33089
-58.724,0.33138
-49.646,0.33187
-50.998,0.33236
-49.314,0.33285
-48.482,0.33333
-63.049,0.33382
-48.822,0.33431
-49.939,0.3348
-52.45,0.33529
-70.192,0.33577
-59.492,0.33626
-50.565,0.33675
-55.313,0.33724
-50.241,0.33773
-49.232,0.33821
-47.876,0.3387
-45.252,0.33919
-45.696,0.33968
-53.922,0.34017
-52.853,0.34065
-56.514,0.34114
-61.151,0.34163
-62.892,0.34212
-51.471,0.34261
-54.245,0.34309
-57.448,0.34358
-56.867,0.34407
-49.824,0.34456
-52.621,0.34505
-56.981,0.34553
-50.226,0.34602
-54.564,0.34651
-50.144,0.347
-50.624,0.34749
-58.625,0.34797
-60.293,0.34846
-47.174,0.34895
-50.084,0.34944
-49.119,0.34993
-52.004,0.35041
-53.73,0.3509
-59.892,0.35139
-50.044,0.35188
-50.117,0.35237
-51.857,0.35286
-46.926,0.35334
-56.538,0.35383
-45.725,0.35432
-43.51,0.35481
-44.516,0.3553
-46.623,0.35578
-54.219,0.35627
-47.929,0.35676
-57.805,0.35725
-46.564,0.35774
-52.061,0.35822
-51.999,0.35871
-51.904,0.3592
-41.761,0.35969
-41.145,0.36018
-48.467,0.36066
-54.32,0.36115
-48.426,0.36164
-64.199,0.36213
-48.423,0.36262
-50.669,0.3631
-49.332,0.36359
-47.178,0.36408
-50.42,0.36457
-48.481,0.36506
-43.605,0.36554
-49.237,0.36603
-53.505,0.36652
-58.543,0.36701
-49.92,0.3675
-43.193,0.36798
-43.746,0.36847
-57.407,0.36896
-45.601,0.36945
-45.794,0.36994
-53.546,0.37042
-50.613,0.37091
-50.27,0.3714
-60.983,0.37189
-52.463,0.37238
-51.455,0.37286
-53.944,0.37335
-50.498,0.37384
-54.035,0.37433
-56.322,0.37482
-66.049,0.37531
-50.668,0.37579
-54.609,0.37628
-44.812,0.37677
-48.524,0.37726
-59.245,0.37775
-53.008,0.37823
-48.206,0.37872
-44.958,0.37921
-45.86,0.3797
-45.96,0.38019
-52.345,0.38067
-51.378,0.38116
-46.447,0.38165
-43.797,0.38214
-47.633,0.38263
-55.441,0.38311
-55.04,0.3836
-58.495,0.38409
-53.72,0.38458
-61.524,0.38507
-52.243,0.38555
-48.899,0.38604
-51.694,0.38653
-65.707,0.38702
-60.59,0.38751
-51.371,0.38799
-48.007,0.38848
-48.613,0.38897
-49.259,0.38946
-50.383,0.38995
-56.977,0.39043
-54.409,0.39092
-50.226,0.39141
-50.136,0.3919
-52.223,0.39239
-56.672,0.39287
-60.012,0.39336
-49.226,0.39385
-54.517,0.39434
-52.164,0.39483
-56.771,0.39531
-62.344,0.3958
-50.965,0.39629
-54.061,0.39678
-56.052,0.39727
-55.361,0.39776
-60.136,0.39824
-45.652,0.39873
-47.5,0.39922
-32.887,0.39971
-36.72,0.4002
-45.666,0.40068
-43.598,0.40117
-53.373,0.40166
-52.345,0.40215
-47.954,0.40264
-57.504,0.40312
-64.996,0.40361
-58.044,0.4041
-52.01,0.40459
-52.204,0.40508
-49.841,0.40556
-52.706,0.40605
-50.695,0.40654
-62.328,0.40703
-49.636,0.40752
-52.898,0.408
-57.256,0.40849
-46.507,0.40898
-51.81,0.40947
-47.666,0.40996
-48.23,0.41044
-55.734,0.41093
-69.66,0.41142
-48.937,0.41191
-46.753,0.4124
-50.17,0.41288
-50.224,0.41337
-46.807,0.41386
-52.363,0.41435
-49.239,0.41484
-46.375,0.41532
-48.517,0.41581
-56.096,0.4163
-59.891,0.41679
-48.133,0.41728
-48.418,0.41776
-55.318,0.41825
-54.296,0.41874
-50.8,0.41923
-56.893,0.41972
-54.152,0.4202
-56.04,0.42069
-62.843,0.42118
-50.232,0.42167
-51.703,0.42216
-47.196,0.42265
-44.331,0.42313
-51.57,0.42362
-55.425,0.42411
-48.986,0.4246
-48.894,0.42509
-50.708,0.42557
-52.779,0.42606
-47.332,0.42655
-49.02,0.42704
-65.631,0.42753
-59.633,0.42801
-53.667,0.4285
-49.208,0.42899
-53.86,0.42948
-61.218,0.42997
-73.503,0.43045
-52.748,0.43094
-59.974,0.43143
-50.063,0.43192
-50.212,0.43241
-46.908,0.43289
-48.453,0.43338
-48.495,0.43387
-51.886,0.43436
-62.542,0.43485
-58.213,0.43533
-46.328,0.43582
-46.575,0.43631
-60.113,0.4368
-53.312,0.43729
-55.911,0.43777
-55.285,0.43826
-60.683,0.43875
-43.357,0.43924
-33.539,0.43973
-36.249,0.44021
-48.54,0.4407
-60.117,0.44119
-50.792,0.44168
-50.725,0.44217
-48.854,0.44265
-48.703,0.44314
-45.241,0.44363
-46.553,0.44412
-46.417,0.44461
-45.881,0.4451
-45.154,0.44558
-47.166,0.44607
-50.175,0.44656
-58.511,0.44705
-51.33,0.44754
-51.725,0.44802
-57.706,0.44851
-52.042,0.449
-53.112,0.44949
-55.286,0.44998
-46.386,0.45046
-44.748,0.45095
-49.151,0.45144
-60.67,0.45193
-46.498,0.45242
-45.909,0.4529
-46.579,0.45339
-47.329,0.45388
-60.566,0.45437
-46.167,0.45486
-46.03,0.45534
-60.769,0.45583
-44.134,0.45632
-42.727,0.45681
-44.426,0.4573
-47.052,0.45778
-50.656,0.45827
-63.661,0.45876
-53.028,0.45925
-53.114,0.45974
-57.638,0.46022
-55.662,0.46071
-63.976,0.4612
-49.517,0.46169
-47.231,0.46218
-46.674,0.46266
-47.565,0.46315
-45.078,0.46364
-40.328,0.46413
-44.783,0.46462
-67.831,0.4651
-58.679,0.46559
-50.496,0.46608
-53.808,0.46657
-55.02,0.46706
-51.018,0.46755
-46.608,0.46803
-49.667,0.46852
-49.252,0.46901
-44.854,0.4695
-46.677,0.46999
-53.973,0.47047
-55.113,0.47096
-54.411,0.47145
-51.429,0.47194
-60.168,0.47243
-61.744,0.47291
-58,0.4734
-51.505,0.47389
-49.928,0.47438
-56.652,0.47487
-52.928,0.47535
-45.054,0.47584
-45.25,0.47633
-48.225,0.47682
-59.815,0.47731
-48.328,0.47779
-53.303,0.47828
-49.789,0.47877
-41.997,0.47926
-37.104,0.47975
-40.503,0.48023
-49.432,0.48072
-56.743,0.48121
-51.931,0.4817
-61.155,0.48219
-57.423,0.48267
-63.521,0.48316
-57.672,0.48365
-54.644,0.48414
-45.247,0.48463
-46.101,0.48511
-52.382,0.4856
-53.96,0.48609
-59.57,0.48658
-51.91,0.48707
-53.022,0.48755
-50.23,0.48804
-47.62,0.48853
-46.548,0.48902
-50.203,0.48951
-50.046,0.49
-53.746,0.49048
-44.521,0.49097
-47.9,0.49146
-53.113,0.49195
-42.315,0.49244
-44.276,0.49292
-54.636,0.49341
-53.501,0.4939
-47.489,0.49439
-48.444,0.49488
-53.265,0.49536
-59.674,0.49585
-55.652,0.49634
-58.505,0.49683
-56.096,0.49732
-61.556,0.4978
-52.928,0.49829
-51.636,0.49878
-50.352,0.49927
-56.852,0.49976
-58.744,0.50024
-48.414,0.50073
-44.837,0.50122
-47.271,0.50171
-50.533,0.5022
-50.725,0.50268
-51.618,0.50317
-49.765,0.50366
-48.832,0.50415
-50.383,0.50464
-52.487,0.50512
-50.431,0.50561
-56.093,0.5061
-54.054,0.50659
-48.776,0.50708
-47.216,0.50756
-48.933,0.50805
-49.707,0.50854
-54.647,0.50903
-46.09,0.50952
-43.215,0.51
-58.43,0.51049
-57.544,0.51098
-50.702,0.51147
-52.224,0.51196
-50.223,0.51245
-52.328,0.51293
-49.898,0.51342
-45.603,0.51391
-42.736,0.5144
-44.305,0.51489
-46.24,0.51537
-51.453,0.51586
-59.958,0.51635
-56.088,0.51684
-61.924,0.51733
-60.389,0.51781
-51.804,0.5183
-54.126,0.51879
-40.934,0.51928
-36.855,0.51977
-48.625,0.52025
-47.783,0.52074
-48.592,0.52123
-46.525,0.52172
-44.031,0.52221
-44.909,0.52269
-47.728,0.52318
-45.642,0.52367
-45.105,0.52416
-47.739,0.52465
-57.226,0.52513
-53.274,0.52562
-49.068,0.52611
-43.922,0.5266
-45.613,0.52709
-51.186,0.52757
-56.3,0.52806
-63.027,0.52855
-49.953,0.52904
-49.405,0.52953
-60.157,0.53001
-50.046,0.5305
-48.765,0.53099
-51.532,0.53148
-60.905,0.53197
-54.012,0.53245
-55.129,0.53294
-52.704,0.53343
-46.668,0.53392
-50.092,0.53441
-53.694,0.5349
-49.536,0.53538
-46.259,0.53587
-49.61,0.53636
-51.389,0.53685
-53.444,0.53734
-53.932,0.53782
-57.567,0.53831
-47.888,0.5388
-44.893,0.53929
-45.467,0.53978
-51.086,0.54026
-56.027,0.54075
-49.176,0.54124
-49.012,0.54173
-48.762,0.54222
-47.544,0.5427
-48.691,0.54319
-45.803,0.54368
-46.832,0.54417
-50.048,0.54466
-62.151,0.54514
-53.973,0.54563
-53.084,0.54612
-55.972,0.54661
-46.718,0.5471
-48.565,0.54758
-47.385,0.54807
-45.958,0.54856
-52.283,0.54905
-50.539,0.54954
-43.978,0.55002
-47.22,0.55051
-53.409,0.551
-54.283,0.55149
-50.878,0.55198
-48.542,0.55246
-52.257,0.55295
-50.102,0.55344
-51.099,0.55393
-57.676,0.55442
-59.354,0.5549
-52.093,0.55539
-51.169,0.55588
-50.753,0.55637
-51.968,0.55686
-62.953,0.55735
-59.421,0.55783
-58.758,0.55832
-50.395,0.55881
-45.627,0.5593
-43.964,0.55979
-42.559,0.56027
-46.46,0.56076
-51.894,0.56125
-50.144,0.56174
-52.256,0.56223
-55.021,0.56271
-55.497,0.5632
-53.112,0.56369
-55.73,0.56418
-59.768,0.56467
-55.426,0.56515
-52.009,0.56564
-51.458,0.56613
-50.024,0.56662
-56.542,0.56711
-54.914,0.56759
-46.523,0.56808
-47.321,0.56857
-64.482,0.56906
-50.349,0.56955
-48.389,0.57003
-43.876,0.57052
-42.648,0.57101
-46.195,0.5715
-53.114,0.57199
-53.571,0.57247
-50.109,0.57296
-47.16,0.57345
-45.601,0.57394
-49.002,0.57443
-42.028,0.57491
-42.892,0.5754
-54.06,0.57589
-57.511,0.57638
-50.311,0.57687
-52.417,0.57735
-56.224,0.57784
-54.751,0.57833
-51.347,0.57882
-47.796,0.57931
-49.548,0.5798
-60.589,0.58028
-52.325,0.58077
-48.527,0.58126
-45.144,0.58175
-46.074,0.58224
-47.202,0.58272
-54.642,0.58321
-45.343,0.5837
-48.89,0.58419
-50.282,0.58468
-43.997,0.58516
-43.301,0.58565
-49.959,0.58614
-47.012,0.58663
-46.244,0.58712
-47.858,0.5876
-47.796,0.58809
-47.653,0.58858
-49.293,0.58907
-50.816,0.58956
-52.013,0.59004
-52.924,0.59053
-45.294,0.59102
-44.478,0.59151
-62.84,0.592
-58.492,0.59248
-47.439,0.59297
-45.872,0.59346
-58.864,0.59395
-54.605,0.59444
-58.271,0.59492
-54.906,0.59541
-60.508,0.5959
-49.62,0.59639
-50.156,0.59688
-60.743,0.59736
-63.857,0.59785
-57.169,0.59834
-64.684,0.59883
-41.69,0.59932
-36.949,0.5998
-47.883,0.60029
-50.073,0.60078
-53.865,0.60127
-49.092,0.60176
-48.973,0.60224
-52.114,0.60273
-51.04,0.60322
-52.072,0.60371
-48.687,0.6042
-44.97,0.60469
-50.417,0.60517
-49.49,0.60566
-45.162,0.60615
-49.487,0.60664
-65.433,0.60713
-51.146,0.60761
-48.051,0.6081
-47.109,0.60859
-51.128,0.60908
-50.13,0.60957
-50.753,0.61005
-46.433,0.61054
-45.906,0.61103
-48.641,0.61152
-46.964,0.61201
-44.061,0.61249
-48.919,0.61298
-52.72,0.61347
-52.156,0.61396
-51.393,0.61445
-48.199,0.61493
-49.146,0.61542
-46.022,0.61591
-47.777,0.6164
-51.411,0.61689
-49.867,0.61737
-55.429,0.61786
-61.426,0.61835
-53.552,0.61884
-48.564,0.61933
-50.074,0.61981
-55.261,0.6203
-56.621,0.62079
-51.638,0.62128
-51.556,0.62177
-54.637,0.62225
-66.35,0.62274
-58.49,0.62323
-55.011,0.62372
-68.102,0.62421
-61.402,0.62469
-55.279,0.62518
-52.978,0.62567
-52.773,0.62616
-49.568,0.62665
-50.346,0.62714
-48.023,0.62762
-49.504,0.62811
-47.067,0.6286
-45.176,0.62909
-62.785,0.62958
-51.986,0.63006
-50.128,0.63055
-49.154,0.63104
-48.539,0.63153
-49.947,0.63202
-54.375,0.6325
-43.651,0.63299
-42.727,0.63348
-47.068,0.63397
-57.966,0.63446
-48.616,0.63494
-50.037,0.63543
-69.07,0.63592
-72.322,0.63641
-57.066,0.6369
-59.529,0.63738
-52.57,0.63787
-47.224,0.63836
-47.339,0.63885
-56.425,0.63934
-52.658,0.63982
-60.243,0.64031
-51.208,0.6408
-48.281,0.64129
-51.189,0.64178
-56.874,0.64226
-48.189,0.64275
-50.702,0.64324
-44.842,0.64373
-45.173,0.64422
-46.887,0.6447
-47.536,0.64519
-54.2,0.64568
-52.727,0.64617
-52.989,0.64666
-68.082,0.64714
-56.619,0.64763
-54.784,0.64812
-52.887,0.64861
-52.807,0.6491
-47.655,0.64959
-54.602,0.65007
-51.864,0.65056
-53.427,0.65105
-49.409,0.65154
-49.734,0.65203
-47.576,0.65251
-49.831,0.653
-50.675,0.65349
-46.525,0.65398
-52.854,0.65447
-50.809,0.65495
-50.622,0.65544
-52.6,0.65593
-45.284,0.65642
-48.509,0.65691
-57.379,0.65739
-74.946,0.65788
-50.245,0.65837
-46.259,0.65886
-54.476,0.65935
-55.236,0.65983
-52.363,0.66032
-52.437,0.66081
-47.992,0.6613
-43.347,0.66179
-41.721,0.66227
-43.023,0.66276
-54.936,0.66325
-51.988,0.66374
-51.957,0.66423
-64.365,0.66471
-65.225,0.6652
-60.483,0.66569
-51.58,0.66618
-62.12,0.66667
-50.163,0.66715
-44.59,0.66764
-46.37,0.66813
-57.749,0.66862
-57.44,0.66911
-57.364,0.66959
-47.228,0.67008
-48.247,0.67057
-56.757,0.67106
-45.588,0.67155
-46.661,0.67204
-55.131,0.67252
-62.017,0.67301
-58.516,0.6735
-50.89,0.67399
-49.464,0.67448
-55.519,0.67496
-48.752,0.67545
-49.645,0.67594
-49.251,0.67643
-48.464,0.67692
-51.161,0.6774
-47.851,0.67789
-58.837,0.67838
-56.884,0.67887
-42.23,0.67936
-40.631,0.67984
-53.483,0.68033
-47.583,0.68082
-44.694,0.68131
-45.286,0.6818
-57.869,0.68228
-52.088,0.68277
-49.861,0.68326
-50.601,0.68375
-53.751,0.68424
-51.357,0.68472
-53.962,0.68521
-49.056,0.6857
-52.168,0.68619
-58.034,0.68668
-53.859,0.68716
-50.64,0.68765
-51.319,0.68814
-66.074,0.68863
-56.397,0.68912
-55.227,0.6896
-47.275,0.69009
-44.154,0.69058
-48.155,0.69107
-56.328,0.69156
-46.504,0.69204
-41.348,0.69253
-41.248,0.69302
-45.296,0.69351
-47.221,0.694
-47.649,0.69449
-50.844,0.69497
-49.568,0.69546
-48.944,0.69595
-53.966,0.69644
-54.651,0.69693
-48.039,0.69741
-46.397,0.6979
-52.577,0.69839
-50.658,0.69888
-51.977,0.69937
-60.89,0.69985
-54.405,0.70034
-54.371,0.70083
-57.318,0.70132
-47.497,0.70181
-48.83,0.70229
-55.202,0.70278
-57.011,0.70327
-50.309,0.70376
-55.117,0.70425
-51.194,0.70473
-48.664,0.70522
-53.444,0.70571
-62.066,0.7062
-51.352,0.70669
-50.148,0.70717
-52.848,0.70766
-46.813,0.70815
-43.899,0.70864
-49.157,0.70913
-55.393,0.70961
-47.732,0.7101
-48.705,0.71059
-49.05,0.71108
-48.516,0.71157
-50.924,0.71205
-57.311,0.71254
-53.281,0.71303
-49.305,0.71352
-50.676,0.71401
-44.208,0.71449
-43.281,0.71498
-44.691,0.71547
-48.28,0.71596
-63.082,0.71645
-54.667,0.71694
-47.14,0.71742
-45.303,0.71791
-49.925,0.7184
-44.54,0.71889
-43.803,0.71938
-40.818,0.71986
-46.634,0.72035
-58.235,0.72084
-59.093,0.72133
-49.137,0.72182
-45.837,0.7223
-52.209,0.72279
-51.322,0.72328
-47.621,0.72377
-46.844,0.72426
-52.435,0.72474
-57.202,0.72523
-48.486,0.72572
-45.072,0.72621
-45.547,0.7267
-47.666,0.72718
-47.384,0.72767
-54.274,0.72816
-55.181,0.72865
-59.845,0.72914
-47.442,0.72962
-50.323,0.73011
-47.862,0.7306
-47.955,0.73109
-51.422,0.73158
-42.574,0.73206
-46.493,0.73255
-44.276,0.73304
-40.879,0.73353
-43.823,0.73402
-51.827,0.7345
-50.791,0.73499
-50.334,0.73548
-46.44,0.73597
-44.884,0.73646
-47.69,0.73694
-46.996,0.73743
-55.307,0.73792
-55.661,0.73841
-51.782,0.7389
-49.437,0.73939
-46.206,0.73987
-45.655,0.74036
-48.023,0.74085
-50.9,0.74134
-44.679,0.74183
-46.51,0.74231
-50.694,0.7428
-48.919,0.74329
-50.219,0.74378
-48.773,0.74427
-48.444,0.74475
-46.967,0.74524
-46.233,0.74573
-51.594,0.74622
-57.894,0.74671
-51.196,0.74719
-48.087,0.74768
-46.516,0.74817
-50.452,0.74866
-50.515,0.74915
-45.447,0.74963
-44.253,0.75012
-48.271,0.75061
-46.192,0.7511
-49.66,0.75159
-73.885,0.75207
-49.946,0.75256
-56.452,0.75305
-50.129,0.75354
-44.014,0.75403
-44.447,0.75451
-55.539,0.755
-69.478,0.75549
-54.082,0.75598
-47.81,0.75647
-46.497,0.75695
-51.067,0.75744
-47.878,0.75793
-50.684,0.75842
-51.829,0.75891
-40.221,0.75939
-38.511,0.75988
-44.509,0.76037
-53.608,0.76086
-73.871,0.76135
-67.235,0.76184
-60.154,0.76232
-53.333,0.76281
-55.044,0.7633
-61.625,0.76379
-55.993,0.76428
-52.56,0.76476
-51.714,0.76525
-60.086,0.76574
-60.665,0.76623
-55.139,0.76672
-50.949,0.7672
-49.754,0.76769
-49.023,0.76818
-61.349,0.76867
-54.762,0.76916
-51.143,0.76964
-49.667,0.77013
-44.904,0.77062
-41.907,0.77111
-43.154,0.7716
-47.583,0.77208
-50.758,0.77257
-47.91,0.77306
-43.78,0.77355
-46.617,0.77404
-61.7,0.77452
-51.391,0.77501
-47.663,0.7755
-48.188,0.77599
-54.399,0.77648
-51.882,0.77696
-53.808,0.77745
-45.236,0.77794
-46.772,0.77843
-57.311,0.77892
-56.518,0.7794
-55.256,0.77989
-47.554,0.78038
-45.439,0.78087
-47.951,0.78136
-51.273,0.78184
-51.847,0.78233
-65.312,0.78282
-57.311,0.78331
-53.603,0.7838
-50.052,0.78429
-48.67,0.78477
-49.773,0.78526
-49.433,0.78575
-50.319,0.78624
-46.693,0.78673
-49.146,0.78721
-60.762,0.7877
-50.672,0.78819
-43.983,0.78868
-46.699,0.78917
-52.713,0.78965
-58.646,0.79014
-46.746,0.79063
-43.875,0.79112
-44.247,0.79161
-50.836,0.79209
-48.474,0.79258
-44.429,0.79307
-47.461,0.79356
-49.53,0.79405
-53.283,0.79453
-55.262,0.79502
-50.479,0.79551
-55.616,0.796
-64.374,0.79649
-72.506,0.79697
-54.765,0.79746
-52.728,0.79795
-45.285,0.79844
-49.775,0.79893
-43.49,0.79941
-47.609,0.7999
-49.784,0.80039
-55.082,0.80088
-57.583,0.80137
-50.15,0.80185
-52.439,0.80234
-57.364,0.80283
-53.485,0.80332
-56.231,0.80381
-56.218,0.80429
-52.16,0.80478
-50.135,0.80527
-49.288,0.80576
-52.519,0.80625
-50.466,0.80673
-47.264,0.80722
-48.065,0.80771
-53.543,0.8082
-48.012,0.80869
-53.853,0.80918
-48.276,0.80966
-57.292,0.81015
-45.368,0.81064
-44.914,0.81113
-51.871,0.81162
-42.666,0.8121
-43.51,0.81259
-46.989,0.81308
-49.308,0.81357
-47.519,0.81406
-48.127,0.81454
-52.758,0.81503
-51.378,0.81552
-46.778,0.81601
-47.733,0.8165
-49.562,0.81698
-45.874,0.81747
-44.4,0.81796
-45.136,0.81845
-47.818,0.81894
-54.745,0.81942
-41.003,0.81991
-40.479,0.8204
-47.735,0.82089
-47.75,0.82138
-45.222,0.82186
-53.757,0.82235
-50.329,0.82284
-49.097,0.82333
-52.888,0.82382
-46.503,0.8243
-42.956,0.82479
-45.811,0.82528
-50.872,0.82577
-52.042,0.82626
-55.199,0.82674
-51.617,0.82723
-49.208,0.82772
-44.414,0.82821
-50.942,0.8287
-47.207,0.82918
-44.806,0.82967
-47.285,0.83016
-53.159,0.83065
-55.512,0.83114
-62.164,0.83163
-58.239,0.83211
-55.076,0.8326
-59.129,0.83309
-48.753,0.83358
-47.462,0.83407
-46.596,0.83455
-53.066,0.83504
-46.154,0.83553
-56.425,0.83602
-51.417,0.83651
-56.191,0.83699
-63.902,0.83748
-49.462,0.83797
-50.577,0.83846
-44.216,0.83895
-35.171,0.83943
-36.844,0.83992
-50.664,0.84041
-54.019,0.8409
-67.432,0.84139
-51.544,0.84187
-51.746,0.84236
-59.902,0.84285
-48.031,0.84334
-48.489,0.84383
-50.342,0.84431
-49.189,0.8448
-50.304,0.84529
-49.338,0.84578
-48.209,0.84627
-45.912,0.84675
-50.637,0.84724
-52.853,0.84773
-48.154,0.84822
-52.327,0.84871
-55.768,0.84919
-48.209,0.84968
-47.459,0.85017
-74.429,0.85066
-53.318,0.85115
-53.399,0.85163
-46.033,0.85212
-50.587,0.85261
-51.561,0.8531
-52.551,0.85359
-58.976,0.85408
-64.182,0.85456
-57.043,0.85505
-46.849,0.85554
-47.011,0.85603
-45.869,0.85652
-49.619,0.857
-49.443,0.85749
-48.651,0.85798
-47.233,0.85847
-49.67,0.85896
-49.795,0.85944
-53.647,0.85993
-40.433,0.86042
-39.796,0.86091
-44.685,0.8614
-57.265,0.86188
-58.343,0.86237
-49.96,0.86286
-53.971,0.86335
-58.903,0.86384
-55.012,0.86432
-50.849,0.86481
-56.97,0.8653
-56.118,0.86579
-48.364,0.86628
-47.642,0.86676
-49.624,0.86725
-60.488,0.86774
-52.862,0.86823
-58.306,0.86872
-56.611,0.8692
-46.605,0.86969
-45.474,0.87018
-49.752,0.87067
-53.284,0.87116
-45.693,0.87164
-46.098,0.87213
-44.622,0.87262
-43.397,0.87311
-46.791,0.8736
-48.431,0.87408
-53.99,0.87457
-53.902,0.87506
-52.726,0.87555
-54.358,0.87604
-58.698,0.87653
-57.12,0.87701
-68.545,0.8775
-54.321,0.87799
-47.953,0.87848
-45.638,0.87897
-44.814,0.87945
-46.063,0.87994
-46.506,0.88043
-54.405,0.88092
-55.303,0.88141
-51.032,0.88189
-56.989,0.88238
-56.308,0.88287
-50.812,0.88336
-50.345,0.88385
-47.642,0.88433
-49.502,0.88482
-50.48,0.88531
-44.925,0.8858
-47.579,0.88629
-56.041,0.88677
-45.917,0.88726
-45.92,0.88775
-53.83,0.88824
-48.18,0.88873
-48.098,0.88921
-49.29,0.8897
-63.149,0.89019
-55.67,0.89068
-48.936,0.89117
-47.226,0.89165
-52.257,0.89214
-48.919,0.89263
-43.382,0.89312
-50.449,0.89361
-52.281,0.89409
-46.93,0.89458
-46.066,0.89507
-43.876,0.89556
-38.584,0.89605
-42.418,0.89653
-55.007,0.89702
-50.754,0.89751
-49.05,0.898
-54.337,0.89849
-60.423,0.89898
-48.261,0.89946
-47.621,0.89995
-56.596,0.90044
-56.957,0.90093
-57.348,0.90142
-62.812,0.9019
-55.391,0.90239
-56.535,0.90288
-55.74,0.90337
-47.138,0.90386
-57.329,0.90434
-47.657,0.90483
-52.036,0.90532
-59.96,0.90581
-58.363,0.9063
-45.098,0.90678
-43.725,0.90727
-46.088,0.90776
-43.514,0.90825
-46.659,0.90874
-54.257,0.90922
-56.864,0.90971
-46.366,0.9102
-43.95,0.91069
-44.268,0.91118
-46.681,0.91166
-45.973,0.91215
-44.819,0.91264
-49.494,0.91313
-61.675,0.91362
-47.388,0.9141
-47.332,0.91459
-48.997,0.91508
-48.489,0.91557
-59.555,0.91606
-52.158,0.91654
-49.018,0.91703
-49.475,0.91752
-49.841,0.91801
-57.352,0.9185
-53.004,0.91898
-50.179,0.91947
-46.839,0.91996
-45.909,0.92045
-48.182,0.92094
-53.7,0.92143
-50.239,0.92191
-49.668,0.9224
-52.678,0.92289
-57.853,0.92338
-51.425,0.92387
-55.522,0.92435
-52.162,0.92484
-52.798,0.92533
-53.863,0.92582
-49.779,0.92631
-45.843,0.92679
-48.878,0.92728
-46.622,0.92777
-51.535,0.92826
-46.785,0.92875
-47.658,0.92923
-56.512,0.92972
-52.602,0.93021
-51.987,0.9307
-54.006,0.93119
-44.536,0.93167
-50.033,0.93216
-46.845,0.93265
-47.973,0.93314
-54.412,0.93363
-55.696,0.93411
-55.255,0.9346
-52.915,0.93509
-48.08,0.93558
-46.286,0.93607
-53.03,0.93655
-53.132,0.93704
-43.858,0.93753
-44.165,0.93802
-52.126,0.93851
-51.978,0.93899
-53.123,0.93948
-57.83,0.93997
-60.186,0.94046
-53.468,0.94095
-50.174,0.94143
-50.349,0.94192
-48.237,0.94241
-50.548,0.9429
-58.994,0.94339
-54.883,0.94388
-48.284,0.94436
-57.412,0.94485
-49.362,0.94534
-47.51,0.94583
-62.752,0.94632
-56.393,0.9468
-54.86,0.94729
-48.771,0.94778
-48.057,0.94827
-56.606,0.94876
-50.285,0.94924
-51.851,0.94973
-48.104,0.95022
-53.844,0.95071
-49.079,0.9512
-52.706,0.95168
-45.496,0.95217
-44.143,0.95266
-55.875,0.95315
-47.319,0.95364
-50.073,0.95412
-54.273,0.95461
-46.798,0.9551
-46.605,0.95559
-67.038,0.95608
-53.867,0.95656
-62.812,0.95705
-52.154,0.95754
-48.171,0.95803
-46.886,0.95852
-51.028,0.959
-51.372,0.95949
-51.135,0.95998
-47.626,0.96047
-52.756,0.96096
-48.062,0.96144
-48.705,0.96193
-59.532,0.96242
-53.927,0.96291
-47.55,0.9634
-52.242,0.96388
-49.653,0.96437
-51.141,0.96486
-58.443,0.96535
-52.416,0.96584
-54.327,0.96633
-48.87,0.96681
-45.975,0.9673
-48.913,0.96779
-43.897,0.96828
-43.345,0.96877
-53.06,0.96925
-48.628,0.96974
-47.47,0.97023
-44.956,0.97072
-47.313,0.97121
-48.914,0.97169
-44.486,0.97218
-44.47,0.97267
-45.083,0.97316
-45.396,0.97365
-46.082,0.97413
-52.488,0.97462
-50.738,0.97511
-50.924,0.9756
-54.234,0.97609
-54.746,0.97657
-50.248,0.97706
-58.866,0.97755
-67.54,0.97804
-55.311,0.97853
-49.823,0.97901
-48.441,0.9795
-51.336,0.97999
-48.917,0.98048
-48.259,0.98097
-56.512,0.98145
-49.766,0.98194
-48.609,0.98243
-55.423,0.98292
-55.42,0.98341
-56.869,0.98389
-54.431,0.98438
-62.527,0.98487
-53.694,0.98536
-50.233,0.98585
-48.876,0.98633
-47.479,0.98682
-50.224,0.98731
-54.205,0.9878
-46.466,0.98829
-47.846,0.98878
-53.837,0.98926
-51.406,0.98975
-51.278,0.99024
-45.287,0.99073
-45.483,0.99122
-50.267,0.9917
-51.032,0.99219
-47.425,0.99268
-47.352,0.99317
-50.81,0.99366
-60.492,0.99414
-55.037,0.99463
-53.966,0.99512
-53,0.99561
-49.665,0.9961
-47.047,0.99658
-51.369,0.99707
-66.307,0.99756
-62.357,0.99805
-64.198,0.99854
-70.301,0.99902
-60.343,0.99951
